ngram_range,min_df,C,vocab,val_AUROC,val_TPR@1%
"(1, 1)",2,0.1,39132,0.9943401745985312,0.9499176276771005
"(1, 1)",2,1.0,39132,0.9985896626583936,0.9831960461285009
"(1, 1)",2,10.0,39132,0.9994326317572249,0.9891268533772652
"(1, 1)",3,0.1,32423,0.9943063018676193,0.9502471169686986
"(1, 1)",3,1.0,32423,0.9986019800150888,0.9835255354200988
"(1, 1)",3,10.0,32423,0.9994349412616053,0.9901153212520593
"(1, 1)",5,0.1,25935,0.9942832068238157,0.9505766062602965
"(1, 1)",5,1.0,25935,0.9986081386934365,0.9835255354200988
"(1, 1)",5,10.0,25935,0.9994403301051594,0.9911037891268534
"(1, 2)",2,0.1,300000,0.9962663012517513,0.9611202635914333
"(1, 2)",2,1.0,300000,0.9992948313291967,0.9917627677100495
"(1, 2)",2,10.0,300000,0.9997790574142789,0.9967051070840197
"(1, 2)",3,0.1,299429,0.9962816979476204,0.9614497528830313
"(1, 2)",3,1.0,299429,0.9992956011639902,0.9917627677100495
"(1, 2)",3,10.0,299429,0.9997805970838658,0.9967051070840197
"(1, 2)",5,0.1,187152,0.9965295847511124,0.9621087314662273
"(1, 2)",5,1.0,187152,0.9993625767910206,0.9930807248764415
"(1, 2)",5,10.0,187152,0.9997998429537022,0.9967051070840197
