index,label,score
0,0,1.1864235058533579
1,0,-0.3284943038261345
2,0,-0.3537643905134739
3,0,-3.8340400573036515
4,0,-3.7938022457914733
5,0,-4.365613726404579
6,0,2.475408368867381
7,0,-4.998076710521328
8,0,-3.6952657684014794
9,0,-1.1758697575476005
10,0,-0.020655220956604547
11,0,-2.9998008081160497
12,0,-0.960086615791338
13,0,-2.4041304918790924
14,0,-6.484326008991073
15,0,-6.353950320100407
16,0,-7.99222924158121
17,0,-2.792903088028704
18,0,-5.8577203562573175
19,0,-3.7499793620019077
20,0,-3.8558582528353385
21,0,-5.600630731234757
22,0,-3.970596965662118
23,0,-6.352493976361713
24,0,-0.7560351970610849
25,0,0.7212264501813882
26,0,-2.724938454835202
27,0,-0.9706842879639923
28,0,-2.775638047561847
29,0,-1.417205420539228
30,0,-6.214979179757109
31,0,-3.1965189452142257
32,0,1.0540948015798821
33,0,-1.4696871429946725
34,0,-2.5208917641676143
35,0,-1.1194724648136385
36,0,-4.833947433718205
37,0,-0.35126536117209267
38,0,-1.2403141765630372
39,0,-2.899120685585802
40,0,-2.3218676454651215
41,0,-5.2886045053492285
42,0,-2.5477675061040297
43,0,-5.4097786780047
44,0,-6.12946114680281
45,0,2.5823726470833295
46,0,-3.6294729265551204
47,0,0.987951617539096
48,0,-3.6204359205916834
49,0,-4.169303783857174
50,0,-3.5499233183266603
51,0,-4.112737052658442
52,0,-5.365668629036197
53,0,-6.6443222143815746
54,0,-5.581920447512693
55,0,-2.049815176586676
56,0,-3.0785923485666626
57,0,-5.2052134329917665
58,0,-2.1587372268263145
59,0,-0.4139558287902412
60,0,-5.850123137590712
61,0,-0.6246994949826858
62,0,0.6664674777166882
63,0,-1.247971581648714
64,0,1.9254182743691866
65,0,1.5015465435484625
66,0,-2.5315159944599266
67,0,-5.224109158079819
68,0,-6.2793140087371375
69,0,-2.0287351544808945
70,0,-5.323730917091029
71,0,-1.650213581438526
72,0,-1.97432286642174
73,0,0.38129511261147
74,0,-6.9437542623468085
75,0,0.05487921520142158
76,0,-4.935032822725028
77,0,-1.0568077228934256
78,0,-4.055904068634608
79,0,-1.5465071436169966
80,0,-6.3008555848171985
81,0,-6.229313236141504
82,0,-2.7134038897388497
83,0,-5.74614777482698
84,0,-6.110894397149027
85,0,-3.5849588964436774
86,0,-3.4554905972403414
87,0,-4.625884262469653
88,0,-4.896915192118048
89,0,-0.08987842755174846
90,0,-3.5836732818199626
91,0,-2.0741568984898264
92,0,-7.236304293775526
93,0,-1.663870132497772
94,0,-6.743086579482211
95,0,-4.107159980095679
96,0,-2.925612578135897
97,0,-0.5092371775748952
98,0,-1.6201454395751038
99,0,-3.7533280617208553
100,0,2.038271103861299
101,0,1.0633572612878108
102,0,-1.5500042688934506
103,0,0.7596779326153497
104,0,-0.49650815482838284
105,0,-6.8425632148818085
106,0,-0.5029554829716203
107,0,-0.19737552315409757
108,0,-1.9781518520161363
109,0,-1.1296534720973879
110,0,-4.6394641047803775
111,0,-6.112671845253891
112,0,-2.5048338651922304
113,0,-2.5909581699564694
114,0,-3.2612008509314605
115,0,2.0420852206638314
116,0,-0.7494361493275181
117,0,2.0990945935799674
118,0,-1.6328558888366367
119,0,-3.936518459741777
120,0,-2.92031269955815
121,0,0.22680483989645672
122,0,-4.786109590696778
123,0,-2.627911416412493
124,0,-4.285612379898617
125,0,-6.735462584002298
126,0,-2.068616773936992
127,0,0.4194130319589936
128,0,-2.3846328267964636
129,0,-6.7909521342968215
130,0,-4.746015293802833
131,0,-1.9222066023603972
132,0,-5.537311987398094
133,0,-6.439491117210327
134,0,-3.5914138807347
135,0,-5.501608866719416
136,0,-5.19459218679122
137,0,-0.9743692068429585
138,0,-1.7481433168811433
139,0,-0.48564103729338415
140,0,-5.596803896008601
141,0,-7.719577235503249
142,0,-8.146773681804065
143,0,0.2276898167153628
144,0,-6.8389900390911755
145,0,1.8384099503607843
146,0,-2.04401090010252
147,0,-4.836555278950303
148,0,-2.7092085013015597
149,0,-5.8426937367565595
150,0,-3.626754191496024
151,0,-5.4888688333811455
152,0,-1.1040843737434562
153,0,-2.4008969198109003
154,0,-4.611681882571833
155,0,-0.8613563933806296
156,0,-6.608878371800515
157,0,-2.5142050433947905
158,0,-1.2203572763463646
159,0,-5.264654720325766
160,0,-6.1173327432214375
161,0,-5.058279624920515
162,0,-4.6942924346901185
163,0,-2.1905829346321153
164,0,-1.045984821880385
165,0,0.8051324938673324
166,0,-1.9727089995675136
167,0,1.2251544398408436
168,0,-0.4460403558050673
169,0,-1.0955131008338144
170,0,-1.5629745744409334
171,0,-1.1494333629501154
172,0,-0.10718421193482097
173,0,-0.7779278849411309
174,0,-3.6260358931895778
175,0,-4.559436727824566
176,0,-2.150845404806034
177,0,-1.1589559000096616
178,0,-3.671772304678123
179,0,-1.5251848573477904
180,0,-7.435235090535748
181,0,-7.718825850980784
182,0,-4.10500328780885
183,0,-2.0371467442741373
184,0,-0.928324893105807
185,0,1.0326571323962193
186,0,-4.450217147973397
187,0,-3.740220186441854
188,0,-2.7925887032342676
189,0,-5.69655343226402
190,0,-6.317685226499425
191,0,-3.1755293663397763
192,0,-5.6686460235051985
193,0,-1.033647424356904
194,0,-0.38636453260988535
195,0,-4.035941987659633
196,0,-2.600207672129141
197,0,-5.569638005283907
198,0,-5.9003821360025475
199,0,-3.7927269840256956
200,0,-6.000911934254123
201,0,-3.75710098450908
202,0,-5.446234744040883
203,0,-4.83955276832834
204,0,-1.4167258940476715
205,0,-6.146350149674333
206,0,-6.202946318556678
207,0,-3.534231573288923
208,0,-1.8636994864009284
209,0,-8.312400689331747
210,0,-3.846014385125546
211,0,-0.07590024253028693
212,0,-3.9684864689699326
213,0,-2.2332752477918985
214,0,-0.7635438352219212
215,0,0.5568230671274336
216,0,-6.803969150785375
217,0,-4.073747964946756
218,0,-4.562015199590115
219,0,-5.3991108489530015
220,0,-3.7134765703867143
221,0,-1.5902274521682824
222,0,-1.769880015850581
223,0,-3.513529562890322
224,0,0.5838796066120285
225,0,2.161558116898404
226,0,-5.755079401905191
227,0,-4.975222660375393
228,0,-5.592165639567438
229,0,-1.1178500659867616
230,0,0.15169599265520806
231,0,-1.929024189239136
232,0,-3.6268947153352293
233,0,-3.0950643384358774
234,0,-4.564802905608613
235,0,-2.3413596573326876
236,0,-0.41267700450787315
237,0,-2.2894323133065053
238,0,0.5372149843411825
239,0,-4.527992820667548
240,0,-1.0185570258448422
241,0,-4.437960077600316
242,0,-6.931454144322623
243,0,0.6326402228751998
244,0,0.8951371390061004
245,0,-0.2863611633520555
246,0,-6.860066255703347
247,0,-2.1361107354038698
248,0,-4.658802339059534
249,0,-4.9488720492475
250,0,-3.8880068048369703
251,0,1.084301414983273
252,0,-4.173435660048122
253,0,-7.039687949760356
254,0,-3.162105997885653
255,0,-4.891413144219086
256,0,-0.7846035559722644
257,0,-3.846464983625618
258,0,-3.801417309859569
259,0,-4.3492750833199345
260,0,-0.8294808536197471
261,0,-7.952732992538664
262,0,0.602051677877072
263,0,-3.02944643323558
264,0,0.695619896644598
265,0,1.5304988008194331
266,0,-0.2942622894881971
267,0,-5.832917377173588
268,0,0.4752042280614993
269,0,-6.9403574869432925
270,0,-1.3456081439673375
271,0,-4.267192137513919
272,0,-5.751757551369907
273,0,-2.2804245936245477
274,0,-6.2193615505693
275,0,0.06973603079311474
276,0,0.19752475098642075
277,0,-5.3581723905863
278,0,-1.9556570053362035
279,0,-3.5228020995518556
280,0,-3.786422464085903
281,0,-3.313946955054828
282,0,-3.5053349799586955
283,0,-1.9615919926426417
284,0,-5.5183403480139965
285,0,-5.526535649226024
286,0,-1.5182903765433209
287,0,-5.230710544211824
288,0,-4.137423202904629
289,0,-2.3714001970427296
290,0,-0.9364909771589429
291,0,0.10566573635876064
292,0,-5.657283815736595
293,0,-2.4686792911908317
294,0,-3.563838588223023
295,0,-4.234395803871008
296,0,-2.628080425320544
297,0,1.017287465445353
298,0,-2.4041978510323476
299,0,-3.263588303452371
300,0,-2.194378833514027
301,0,-4.112368788271012
302,0,-2.4397806802259185
303,0,-0.6320002580984668
304,0,-0.5388952898463208
305,0,-0.4219852883211267
306,0,5.181795448451871
307,0,-2.6843413418061033
308,0,-2.850916698272985
309,0,-5.741828857196244
310,0,-2.9325242915544383
311,0,-6.938561828413968
312,0,-1.1714097554156704
313,0,-5.953994113267366
314,0,-4.909285805998054
315,0,-0.716819577594074
316,0,-0.7302487892165423
317,0,-4.019075610400009
318,0,-2.487803229661568
319,0,-5.180223633610912
320,0,-5.59043060077014
321,0,-4.336317255118059
322,0,-3.557498317865546
323,0,-3.7306728862670258
324,0,-5.357121761017667
325,0,-2.5583670830031457
326,0,-3.0185077522893087
327,0,-7.304099708753837
328,0,3.1511537493086963
329,0,-2.4983871803479425
330,0,-0.8405601155025214
331,0,0.858952287019262
332,0,-5.5861614433075815
333,0,-3.6342952680504617
334,0,-6.249395396606652
335,0,0.5559968428342991
336,0,1.9347416710469898
337,0,-5.162537718303876
338,0,-5.659412928490176
339,0,-2.128725857453758
340,0,-7.172401108765195
341,0,-3.275942516324994
342,0,-4.226337478884022
343,0,-6.365555119284355
344,0,-3.0385065087905656
345,0,-5.562212029078957
346,0,-2.7442597305476437
347,0,-2.1298385487800364
348,0,-8.180524055408517
349,0,-4.809749336424974
350,0,-2.915077356493387
351,0,-6.383276958461351
352,0,3.3245690006980406
353,0,-4.167777956230879
354,0,-5.441603506528751
355,0,-0.8295501776873879
356,0,-0.855886639041842
357,0,-5.054236685181268
358,0,-5.615017205019095
359,0,-1.2801537968363705
360,0,-3.7433128814166357
361,0,3.858603047722616
362,0,-1.1194787572708607
363,0,-3.3550601951616077
364,0,-3.008568802280472
365,0,-1.433215452328794
366,0,-1.8700515126559418
367,0,-2.5745482332199177
368,0,-4.037303517080978
369,0,-4.153058008369352
370,0,-2.8825633828064325
371,0,-4.81164214807613
372,0,1.5055818830136558
373,0,-4.83196957804354
374,0,-2.366861038244914
375,0,-0.7591259238868306
376,0,-1.1545572324778808
377,0,-2.1919038874336416
378,0,-3.4434646921690906
379,0,0.22581224484340823
380,0,-1.0476598757001931
381,0,-2.7398985754620355
382,0,-1.4994640742981677
383,0,-8.232011521512538
384,0,-1.233453958267388
385,0,-4.8974731492764505
386,0,-3.998354226089934
387,0,2.6425484811559894
388,0,-3.9332035030380275
389,0,-7.0399584109492945
390,0,-5.1996422554573
391,0,-9.743027567550998
392,0,-0.6365264151128115
393,0,-1.027047240256078
394,0,0.18972092657627304
395,0,-0.6703549843197534
396,0,-6.99736399628331
397,0,-5.622617284792671
398,0,1.95302545793685
399,0,-2.8601257833422795
400,0,-1.1020075811701933
401,0,-1.120567897678839
402,0,-5.198949860847052
403,0,0.7857883235595876
404,0,-0.32751481535202376
405,0,-7.0831076426952375
406,0,-1.114221827261471
407,0,-4.104060586093131
408,0,-3.222497357181053
409,0,-3.7300553257653752
410,0,-1.7070010837737644
411,0,-6.09373937210981
412,0,2.237418891918264
413,0,-3.171520761561328
414,0,-2.0806800447919347
415,0,-4.793578498993706
416,0,-1.9132299556878882
417,0,-0.7788470189168719
418,0,-3.037512391053551
419,0,-5.184077176247377
420,0,-7.746103904902533
421,0,-0.32375332259436984
422,1,-0.2068909282800988
423,1,3.0135330510715628
424,1,4.3710880492616475
425,1,2.216672938541544
426,1,-0.11341443587694389
427,1,6.593398863195858
428,1,1.5237615867292416
429,1,4.287027713275048
430,1,5.251717802691137
431,1,4.60175382766325
432,1,2.1687896004007947
433,1,1.244481048804937
434,1,8.067662117601406
435,1,9.137498890830173
436,1,2.0395039922200353
437,1,10.402627881433203
438,1,4.563349551496931
439,1,4.514821378299436
440,1,-0.4174512350904756
441,1,5.722682025090032
442,1,8.236706890486913
443,1,2.4685027276410736
444,1,2.0689510100629684
445,1,2.786470844516985
446,1,5.14702055751654
447,1,6.58070596366305
448,1,4.036307818205964
449,1,7.235754425307516
450,1,4.118809578938495
451,1,5.523324287999185
452,1,3.914413906048076
453,1,3.8527214931511264
454,1,2.1785451912360103
455,1,2.1961356902834397
456,1,1.9453978132747207
457,1,6.976124893897426
458,1,2.6621130303448215
459,1,4.776759267413439
460,1,6.95175917343169
461,1,1.7940249946825602
462,1,4.350767044394822
463,1,1.4568642944967363
464,1,3.6855827577125937
465,1,6.238519618766831
466,1,4.315476595842544
467,1,3.229554410308622
468,1,6.636620566800718
469,1,3.8098076250753423
470,1,4.2925623398599315
471,1,11.613114284319941
472,1,4.081342922602536
473,1,6.9210914151818885
474,1,2.650497940965244
475,1,-0.2565014869209748
476,1,8.635072369506858
477,1,6.268398426572107
478,1,2.429137437282713
479,1,6.521368249436738
480,1,0.2728096277514175
481,1,1.893388857407062
482,1,4.752051449797625
483,1,1.952515814711988
484,1,-0.9439251833604305
485,1,7.4146060521707025
486,1,4.988875931171467
487,1,3.732820776235085
488,1,0.31485693485150834
489,1,2.8401621671668313
490,1,5.19394490029005
491,1,1.296151908038604
492,1,0.7671517640799416
493,1,4.468791242708891
494,1,6.5722429133305935
495,1,7.929872364281916
496,1,-0.04549281085011414
497,1,-0.25350957715016686
498,1,2.525549941913878
499,1,5.534322902936774
500,1,6.115302940502477
501,1,3.3377604747426246
502,1,3.514218302029669
503,1,6.431324487631369
504,1,2.8459430553724188
505,1,1.2395736620575422
506,1,8.161976196436767
507,1,5.545139357468234
508,1,2.3419870421516955
509,1,6.096792825218115
510,1,4.606802408708991
511,1,3.742868624337349
512,1,5.677937623059186
513,1,-0.2329302990624016
514,1,7.398813685481498
515,1,4.8196721055842815
516,1,6.0352789252990755
517,1,7.431049429314211
518,1,3.6863793238719915
519,1,0.12806251841485905
520,1,5.798356365936992
521,1,2.8025005379282537
522,1,5.521983945858565
523,1,2.0467226482086005
524,1,4.206917553219061
525,1,3.3059161753687207
526,1,5.300911938622661
527,1,9.002977637771602
528,1,6.909803078846015
529,1,4.364134267197437
530,1,1.6068534914534216
531,1,5.322129624948501
532,1,2.4583867900248073
533,1,7.086804307055719
534,1,8.509601288523248
535,1,0.3181815108060585
536,1,5.236234289445615
537,1,2.9052467273329805
538,1,5.7140494533074575
539,1,3.0344733275181497
540,1,4.593347119825711
541,1,3.3074159038768918
542,1,3.762025701737627
543,1,2.850439890855915
544,1,2.773277621333567
545,1,8.22157202736759
546,1,6.169926035187434
547,1,3.988346122411573
548,1,1.9812590235522953
549,1,4.343912131439849
550,1,-1.2504436505074465
551,1,6.736331949896077
552,1,2.7070184674676847
553,1,5.097131818668071
554,1,-0.8012828391780583
555,1,8.22231026158035
556,1,2.560478051434688
557,1,4.806657416695975
558,1,3.7180553563474263
559,1,4.055018251360571
560,1,2.2404477146981168
561,1,3.7606795634009305
562,1,0.7596781412974204
563,1,2.6890158131774786
564,1,1.866592877036755
565,1,8.21470149597408
566,1,1.4941974190921221
567,1,5.890088651046944
568,1,3.979588094277029
569,1,3.620020216764115
570,1,-0.4617103878384118
571,1,4.745996326822759
572,1,3.1905763963974056
573,1,3.54756993487127
574,1,4.936413186302423
575,1,7.686412965339393
576,1,5.449633578920214
577,1,7.428389110233551
578,1,4.129962310622946
579,1,2.8439250326757297
580,1,6.169357821006495
581,1,5.743950498310809
582,1,6.169153608377337
583,1,5.104222605117075
584,1,5.039585521834501
585,1,4.520127065580748
586,1,5.921157143235293
587,1,5.40575230369716
588,1,2.6720993673980646
589,1,4.679062009127623
590,1,9.8481996477867
591,1,6.144174951746737
592,1,6.589124137963238
593,1,0.5216172701888958
594,1,0.7454772712490506
595,1,3.112202114905516
596,1,2.3627526495849542
597,1,5.333486979461226
598,1,6.057729513533212
599,1,2.8910674852329783
600,1,-0.4165948432148923
601,1,6.916979720206295
602,1,6.996921269523276
603,1,5.5372916670731325
604,1,2.6941333922485367
605,1,1.584423463324622
606,1,3.9738096054447634
607,1,0.8750307496676183
608,1,8.508971443635856
609,1,4.286903030725335
610,1,6.683191755267323
611,1,3.4387124855603006
612,1,5.4403389054980185
613,1,5.1720286630462216
614,1,4.078413143849057
615,1,5.245894878769535
616,1,6.255532305631951
617,1,10.86348544189492
618,1,4.841663741857557
619,1,8.533095153945286
620,1,4.14213290638223
621,1,7.1949470565906894
622,1,3.8352342475010706
623,1,4.801564076150504
624,1,4.214644529398692
625,1,5.224021667811489
626,1,3.673618448406302
627,1,4.642502442639306
628,1,4.753387706484837
629,1,4.997384323090268
630,1,1.0901800278410354
631,1,5.4451049758021846
632,1,4.552347558602921
633,1,3.572562369328128
634,1,3.2777781917627595
635,1,0.5420232627060692
636,1,5.191131157704169
637,1,0.10005192211421088
638,1,6.341684277562224
639,1,4.046425301974906
640,1,2.2207065819655725
641,1,6.168661914613594
642,1,5.587235968762523
643,1,6.4393764020901445
644,1,5.844492597831699
645,1,0.7927180962014392
646,1,4.864041736929099
647,1,2.363571239492209
648,1,4.119703287971736
649,1,5.355894484439229
650,1,5.093785553429052
651,1,3.9153960434554658
652,1,4.344166413260871
653,1,2.689133848203924
654,1,5.530827612832926
655,1,5.812053251383389
656,1,3.4450694775426727
657,1,-0.8946404681988042
658,1,6.47586137857538
659,1,-0.9893466140737046
660,1,2.8460508510303844
661,1,7.3180278646102686
662,1,3.064383564397087
663,1,0.9020234843017677
664,1,3.635300692464012
665,1,3.6826279767706285
666,1,3.0842079791934487
667,1,4.05829323176922
668,1,4.538640351202978
669,1,0.24386556080302624
670,1,6.637476913887993
671,1,3.7971095602415494
672,1,3.9338489494148656
673,1,3.7172779069676385
674,1,2.7468098561336936
675,1,2.803429096818503
676,1,3.048820963799554
677,1,5.652535166268312
678,1,5.513293835120267
679,1,-0.5338363489833811
680,1,-2.0940135978808745
681,1,1.669909471996295
682,1,5.048805071678725
683,1,9.90568562247334
684,1,3.4756046572696158
685,1,7.224749376330085
686,1,0.13402721871678147
687,1,5.603090746640147
688,1,6.514423545849388
689,1,7.182437662628683
690,1,6.944508392549344
691,1,7.165542966731551
692,1,6.463427088011169
693,1,4.460093976842678
694,1,-0.08492219520539313
695,1,3.7877512924513295
696,1,4.09554194671796
697,1,6.147721176377258
698,1,3.8255894197203824
699,1,10.011667886611166
700,1,4.316935152901049
701,1,4.951954980763398
702,1,6.195279337008717
703,1,5.28404569248231
704,1,0.23413752793254627
705,1,-1.2915945469246677
706,1,0.5010044606538046
707,1,7.55930686131887
708,1,7.063862429865663
709,1,2.371562212345111
710,1,0.9867645488334312
711,1,2.3931302840010957
712,1,4.123565288093802
713,1,6.480633876816776
714,1,4.749514958172781
715,1,5.055861720322354
716,1,5.578198420452526
717,1,4.6157308948195395
718,1,4.542129463531446
719,1,6.291140976874604
720,1,1.9999367143729896
721,1,2.3815374496930946
722,1,6.4388415466864695
723,1,3.8385209530208724
724,1,3.5891810626852476
725,1,2.0572818172173375
726,1,3.923719824509307
727,1,8.233390913822477
728,1,9.140340843835219
729,1,5.064463145021447
730,1,3.917315447750242
731,1,-0.774973456004619
732,1,5.031592495784726
733,1,3.647350149179467
734,1,3.1683441630877778
735,1,5.347707262550309
736,1,1.3907613120838547
737,1,1.479546737396117
738,1,6.594578829232319
739,1,2.809905416126561
740,1,0.4554259421316086
741,1,3.232403488974328
742,1,4.050339206730581
743,1,6.580114238867031
744,1,4.277024216630651
745,1,5.368256835106052
746,1,7.3651620227625525
747,1,2.6228214477318734
748,1,3.074686349556884
749,1,1.9440348634076474
750,1,6.610592938562539
751,1,2.1337536521328757
752,1,4.08728122591284
753,1,8.908786827704771
754,1,7.394161328528579
755,1,0.018575102724334713
756,1,6.377200511137337
757,1,1.0615153612843313
758,1,3.0156118477195792
759,1,5.836337768040712
760,1,2.9208363327577183
761,1,7.318135240988694
762,1,6.4562319220222815
763,1,3.976168059420646
764,1,-0.06548544641486143
765,1,1.1610692726646015
766,1,3.589481952326999
767,1,7.8774059764350035
768,1,1.779284279746356
769,1,4.439685516162558
770,1,7.797845558286085
771,1,5.244678135435864
772,1,3.3147950545017815
773,1,2.49509327737127
774,1,2.25616171130068
775,1,1.3648197337709966
776,1,4.3505279167429345
777,1,4.5737131200589145
778,1,5.352775349348906
779,1,2.520726046254751
780,1,5.198956779783499
781,1,7.689408629496208
782,1,3.312137949320927
783,1,2.415875780233251
784,1,2.4158032923900112
785,1,1.1009832996113427
786,1,1.8468968250836078
787,1,6.899621744042718
788,1,5.984999060963777
789,1,4.735374996160891
790,1,4.392723515439147
791,1,6.068436342441089
792,1,0.9921361693888381
793,1,8.105508968248651
794,1,6.882677253047125
795,1,5.674309859684224
796,1,7.308299034614722
797,1,2.262900076680634
798,1,7.415619502827026
799,1,8.736088364401283
800,1,6.175577205226049
801,1,6.07280459182387
802,1,1.6444684273818337
803,1,2.8397709052243
804,1,1.1657478117731963
805,1,2.933935946552149
806,1,8.613628568902628
807,1,5.091155652734119
808,1,2.6126833106438765
809,1,3.91920154650068
810,1,2.0544158129974273
811,1,6.263793217018481
812,1,7.408298806511139
813,1,2.42730867232995
814,1,5.026772801947836
815,1,2.869725233323734
816,1,8.153298724201376
817,1,-0.7101400254402286
818,1,1.8544085983751546
819,1,6.288674404827417
820,1,7.646755777225238
821,1,3.9844560362815344
822,1,6.720076978215867
823,1,-1.5004598700147276
824,1,2.189212780493784
825,1,5.754204766503287
826,1,4.816188944249597
827,1,9.974309457781398
828,1,4.267755028702188
829,1,4.857834484879682
830,1,7.3738100891961125
831,1,4.443294819146571
832,1,1.3722047597757152
833,1,5.738434103708534
834,1,2.3076029083108827
835,1,3.0254906964526804
836,1,0.674928059166808
837,1,1.3817054200840673
838,1,7.07458641412671
839,1,8.361815958770835
840,1,6.926250827727765
841,1,2.4290160369082905
842,1,5.326638765588748
843,1,5.427662732017279
844,1,4.46797922718601
845,1,3.836926858576913
846,1,5.779424927254785
847,1,1.813677183172508
848,1,5.3941002952077275
849,1,4.0288328656237855
850,1,1.0434146691254873
851,1,2.740908697029155
852,1,6.653816423685135
853,1,2.123183768500329
854,1,3.3277645045499793
855,1,6.214452437362768
856,1,3.627832922171376
857,1,2.1711885810807527
858,1,4.129908705273342
859,1,3.8546594973004793
860,1,6.913736605256596
861,1,3.784290236073877
862,1,4.401574822230933
863,1,1.9877501721715611
864,1,5.6972621113338
865,1,1.3011470877116151
866,1,4.681114766175217
867,1,8.76784678624446
868,1,5.807841172825968
869,1,5.088718117666059
870,1,-1.8878491134972832
871,1,2.237278851816796
872,1,1.1589147227032814
873,1,1.0279800296636838
874,1,4.300622144006536
875,1,3.8532259324094658
876,1,7.590987389847296
877,1,3.520141158480302
878,1,5.970636066928383
879,1,4.25834002991657
880,1,4.855320297996341
881,1,-0.7236221687281184
882,1,6.980374300031657
883,1,0.6973099602380927
884,1,3.325708162782814
885,1,2.6502068956196037
886,1,2.494397013859737
887,1,7.897938462652236
888,1,1.95334740469595
889,1,3.2569025584383344
890,1,3.709992937507296
891,1,2.0661533679560757
892,1,5.087212642620381
893,1,5.71109440998045
894,1,10.584840653035943
895,1,5.263761960002463
896,1,1.5834067784838237
897,1,4.214850674282914
898,1,3.2596848329053225
899,1,3.813236797370346
900,1,6.422539313524395
901,1,8.222191694585321
902,1,6.965642956175759
903,1,6.705930134876108
904,1,7.202633138035365
905,1,3.239129417464128
906,1,3.1846593302364856
907,1,2.2034734546761983
908,1,4.779359743480093
909,1,5.302241886710777
910,1,6.1247919742047445
911,1,4.791065991267473
912,1,8.112996845949896
913,1,5.65177737104774
914,1,6.003719151206858
915,1,0.5128491656048774
916,1,3.256983652460155
917,1,6.915952760941868
918,1,6.262597552862855
919,1,1.9957608719183257
920,1,-0.7381529286718457
921,1,6.252115884789412
922,1,4.66989900753612
923,1,7.988355021180595
924,1,7.476140997107036
925,1,2.3218724733795217
926,1,5.619211379894221
927,1,1.7402378439771509
928,1,1.9484253010379033
929,1,4.247958206796748
930,1,4.590437224578265
931,1,5.124181423574349
932,1,1.7239547569564744
933,1,5.41651208274136
934,1,2.9117969893521716
935,1,1.194839332782574
936,1,-1.8516920915871982
937,1,2.26227021402442
938,1,1.8601191461908506
939,1,3.45190651869881
940,1,4.044834289728302
941,1,-1.0749986410489658
942,1,2.5844770003649917
943,1,5.43847486701161
944,1,5.441470795563076
945,1,5.643870992098547
946,1,2.9253459492446816
947,1,1.0986111163375871
948,1,2.0589921819182297
949,1,2.139422944472381
950,1,5.637582980480149
951,1,3.7957655823633973
952,1,2.807851273541622
953,1,3.9914748811770857
954,1,7.672672819214979
955,1,0.6031374176892305
956,1,4.966179213830558
957,1,3.542430464959168
958,1,4.1656015046724475
959,1,3.9472369638621507
960,1,4.635903333352657
961,1,3.8579725944550485
962,1,7.336456524862838
963,1,2.3230037637602576
964,1,6.612596629961634
965,1,5.272226798052667
966,1,6.221445175645563
967,1,4.667868838478366
968,1,7.7210658873080895
969,1,5.675799780574273
970,1,3.1335233530169444
971,1,0.7290365984063037
972,1,0.6725564950317512
973,1,7.447730779134767
974,1,6.6163180124329655
975,1,-1.9604250526946516
976,1,1.9636180463197412
977,1,1.1645611175626507
978,1,6.143446091164146
979,1,0.9752105582458871
980,1,4.510263084349069
981,1,8.450581127516884
982,1,4.294792635335173
983,1,0.9973930276961126
984,1,2.936235201930942
985,1,1.5738925683767513
986,1,8.112697958624306
987,1,6.936002701419012
988,1,0.7635129297616879
989,1,4.998034277000183
990,1,5.277521701240216
991,1,1.8553024877317292
992,1,5.250755634059533
993,1,6.204482208748349
994,1,5.646497230225035
995,1,7.211851262995242
996,1,8.237707779084541
997,1,11.159922554003654
998,1,3.7915872192316935
999,1,6.0853406626345805
1000,1,6.636332662117096
1001,1,5.244151213996103
1002,1,6.6832441857028595
1003,1,8.23543219229342
1004,1,5.416380732989599
1005,1,7.438261359724022
1006,1,9.780926812388234
1007,1,8.319708549378518
1008,1,5.383964623596379
1009,1,4.4750548885175885
1010,1,2.451411410803381
1011,1,4.8013847402858465
1012,1,8.262870470014246
1013,1,6.920725280798033
1014,1,7.531123705913174
1015,1,-0.5140622150351881
1016,1,2.868602356680032
1017,1,4.8475766952698
1018,1,4.67435102783597
1019,1,3.994932156103548
1020,1,6.339852233836171
1021,1,8.039024676577712
1022,1,6.451832811297114
1023,1,5.07705408172877
1024,1,6.389017548826499
1025,1,5.4129653483350575
1026,1,4.117676805696173
1027,1,9.745160173713614
1028,1,6.737416979358104
1029,1,8.165047993140002
1030,1,1.4810660859581248
1031,1,8.724582689403501
1032,1,5.445260025893144
1033,1,8.978571399969221
1034,1,6.788207366787216
1035,1,5.639929083091595
1036,1,1.6445908090209111
1037,1,2.946332928630449
1038,1,4.044497620084213
1039,1,7.341488116681877
1040,1,6.7167854154398885
1041,1,4.718734359557044
1042,1,6.214621714970967
1043,1,7.928939957414785
1044,1,10.001168515632976
1045,1,5.647167029527968
1046,1,4.323781979356416
1047,1,5.650863908299581
1048,1,4.499626929049246
1049,1,5.745664941885607
1050,1,6.7081132521083
1051,1,3.4193895488960275
1052,1,4.257308092911724
1053,1,0.9405792390707802
1054,1,4.945426028474544
1055,1,6.405956988928774
1056,1,7.9869115028764455
1057,1,2.658360336119069
1058,1,5.264853998398998
1059,1,3.9336580599591042
1060,1,3.166713210631947
1061,1,7.22422003692871
1062,1,6.950606617377382
1063,1,8.804777683838514
1064,1,4.047726507514249
1065,1,7.669483403447147
1066,1,6.9032382991859835
1067,1,8.14488204282299
1068,1,5.720328690674971
1069,1,4.998971543671687
1070,1,4.131640761921626
1071,1,7.7472699317621085
1072,1,9.733436520950463
1073,1,5.333641097067172
1074,1,1.9976187926142068
1075,1,4.3941952679163645
1076,1,7.16238708903345
1077,1,6.69854373866132
1078,1,5.311355429269596
1079,1,8.564560725264377
1080,1,5.844238824844696
1081,1,7.132325446866118
1082,1,4.7372152661271185
1083,1,7.301452773367091
1084,1,7.451651383050029
1085,1,7.684163291216326
1086,1,2.1258554911855816
1087,1,7.395922634133738
1088,1,6.24732057794691
1089,1,6.421419799347724
1090,1,5.094449383373
1091,1,3.896224844121075
1092,1,4.349728627548206
1093,1,4.692973890012132
1094,1,7.1981596725606325
1095,1,6.582011037177893
1096,1,7.239419175677533
1097,1,7.647291606270189
1098,1,2.1464358966963815
1099,1,4.117341406131686
1100,1,12.431507337492999
1101,1,6.214940206342201
1102,1,4.603886029202387
1103,1,4.918186303693923
1104,1,6.206875312971855
1105,1,2.409998234577188
1106,1,3.6123331857053977
1107,1,6.103979609830871
1108,1,9.184944562249159
1109,1,2.960938603293744
1110,1,9.992145438238168
1111,1,6.341451101740448
1112,1,7.8446922975606626
1113,1,11.114907067706774
1114,1,4.364718742470262
1115,1,1.8802891473757302
1116,1,4.302052541788282
1117,1,6.1398343937692195
1118,1,5.593577913747601
1119,1,7.706581366982411
1120,1,4.931421975491403
1121,1,3.663228693757525
1122,1,13.102764278274861
1123,1,5.154749320598599
1124,1,9.816676216227592
1125,1,6.919461796523145
1126,1,2.9420140205201375
1127,1,5.673835049454074
1128,1,4.124170802838461
1129,1,5.930375381843849
1130,1,4.571449875957174
1131,1,6.479274478062512
1132,1,4.544538998932949
1133,1,5.792235658221695
1134,1,6.319806016650792
1135,1,5.224819696889268
1136,1,6.568474108382852
1137,1,7.428984258171251
1138,1,7.750145264926202
1139,1,6.933679885923337
1140,1,-2.249273876969376
1141,1,9.118956787844372
1142,1,4.318865737404903
1143,1,4.780310468950724
1144,1,7.783682630045014
1145,1,5.148584060605489
1146,1,7.983830627540497
1147,1,4.404081376135169
1148,1,5.175026746158554
1149,1,3.3127877734274596
1150,1,8.385811774664473
1151,1,6.640826046224903
1152,1,4.407917956368878
1153,1,4.433895409336656
1154,1,5.3598835629575285
1155,1,7.098664615244147
1156,1,1.5553971766910775
1157,1,5.970336734810418
1158,1,4.00604396340176
1159,1,4.752318025343832
1160,1,6.316674746346639
1161,1,4.146654600602246
1162,1,6.067916731096361
1163,1,4.94292633590367
1164,1,3.734009667980421
1165,1,6.674316775889475
1166,1,6.78137332230373
1167,1,3.656623364109454
1168,1,3.7375310989947867
1169,1,8.930601629622418
1170,1,9.860334762927138
1171,1,10.488534167465524
1172,1,7.787474977449783
1173,1,5.6589451005996345
1174,1,7.844377278330391
1175,1,5.843737745567948
1176,1,6.446187912806255
1177,1,11.547105016918218
1178,1,9.231730699007345
1179,1,7.472052310548126
1180,1,6.361910179010134
1181,1,5.734796965695814
1182,1,6.876283712380182
1183,1,6.41086953533767
1184,1,8.84228588152899
1185,1,7.554912275083451
1186,1,3.961067514962967
1187,1,9.541677957125689
1188,1,8.811526730815542
1189,1,2.2049553325336047
1190,1,6.451839275318255
1191,1,7.9179391196279365
1192,1,8.293862413510158
1193,1,6.8009014218834745
1194,1,7.163135785036927
1195,1,7.043669119234143
1196,1,5.544639324636545
1197,1,6.08806094393769
1198,1,7.486731910982122
1199,1,4.23815316676404
1200,1,7.109728508036978
1201,1,3.0783445782356695
1202,1,7.067681543244358
1203,1,6.49825024058205
1204,1,7.67052165481889
1205,1,2.667800995310446
1206,1,3.02010080536158
1207,1,10.883916108273809
1208,1,5.5318802645825595
1209,1,4.983740220994208
1210,1,6.874657180823125
1211,1,11.258984203869556
1212,1,5.338016933768205
1213,1,6.641988263998326
1214,1,6.048840527338092
1215,1,6.446116931670528
1216,1,13.412547460179296
1217,1,8.631240628591797
1218,1,3.0525260554152998
1219,1,5.9540001431858975
1220,1,11.05045408378899
1221,1,7.323756231993531
1222,1,8.248440031783119
1223,1,13.814540764820205
1224,1,5.914857657843937
1225,1,9.036629957876718
1226,1,2.1502255525700096
1227,1,3.334596253192989
1228,1,4.896318541814989
1229,1,6.687557064593623
1230,1,4.8838226299295
1231,1,6.500713687009828
1232,1,4.636255722738972
1233,1,4.113777777198178
1234,1,4.940504638124941
1235,1,0.9774132964138323
1236,1,2.7290636496630163
1237,1,7.73947322375111
1238,1,5.903063304156798
1239,1,5.87506640277785
1240,1,7.052443929405657
1241,1,6.180735112618352
1242,1,8.247839916953927
1243,1,5.769722156624634
1244,1,4.296829994618701
1245,1,5.505366199580987
1246,1,4.217024893202206
1247,1,4.952208653082524
1248,1,5.179836458916562
1249,1,7.22023743196324
1250,1,6.756161866749372
1251,1,5.972565125400346
1252,1,5.682184210032706
1253,1,3.772395658788876
1254,1,6.859551003866815
1255,1,1.7795275086469782
1256,1,4.131347609874099
1257,1,3.8396024247890836
1258,1,7.289766375507192
1259,1,8.586726376475692
1260,1,4.038440569733787
1261,1,10.015582381436811
1262,1,5.618371758673253
1263,1,6.6917002304869
1264,1,6.576253684744509
1265,1,2.40444403703238
1266,1,5.184145465329408
1267,1,4.960743468626111
1268,1,8.382010376370548
1269,1,8.744820938323134
1270,1,3.898129293220982
1271,1,3.7943423309317077
1272,1,3.757120424619179
1273,1,9.394965334127209
1274,1,5.654117890099723
1275,1,2.7840839110967974
1276,1,8.7086885448993
1277,1,9.368137846526198
1278,1,6.09946594948008
1279,1,6.602785133322916
1280,1,3.3520524822442703
1281,1,6.142327144168268
1282,1,8.135116739101834
1283,1,5.374945846095971
1284,1,2.593529147065849
1285,1,6.162172716950907
1286,1,4.9119274413835115
1287,1,5.628797154763064
1288,1,8.617947923489943
1289,1,10.37530527824552
1290,1,8.826619660443203
1291,1,5.985874582580272
1292,1,7.735981734579774
1293,1,6.222360735824129
1294,1,7.466413069278257
1295,1,6.536143172297875
1296,1,0.8027772038855231
1297,1,8.513672375597173
1298,1,11.059076346664662
1299,1,5.496899372026304
1300,1,1.1910377360243785
1301,1,3.866362809387627
1302,1,2.683674817679664
1303,1,7.070519142616542
1304,1,8.848291397722303
1305,1,3.8271202445531016
1306,1,9.032204594222222
1307,1,5.758200111649021
1308,1,5.234175678622218
1309,1,5.289989343735708
1310,1,5.229915838066322
1311,1,4.658187775105348
1312,1,6.878679791463403
1313,1,4.475070685106872
1314,1,7.377957420820948
1315,1,6.786691593910285
1316,1,7.575912329891111
1317,1,3.0709822367155946
1318,1,5.123378403771175
1319,1,7.559706023294604
1320,1,3.7167497409800343
1321,1,6.955207135798304
1322,1,7.379881783417
1323,1,3.9870539990124736
1324,1,6.901885355880679
1325,1,3.512268015909133
1326,1,6.949013722568754
1327,1,5.181380542292733
1328,1,7.288012570026558
1329,1,7.364808604868303
1330,1,7.700468159371157
1331,1,10.4205388111572
1332,1,6.776914888696574
1333,1,2.328347205050341
1334,1,5.908803902226804
1335,1,8.82067027513896
1336,1,6.023591953902164
1337,1,6.4405545626076846
1338,1,8.051505592787388
1339,1,5.643110494520144
1340,1,5.181764802833021
1341,1,7.204503458255973
1342,1,7.5308301661012464
1343,1,6.012414601413462
1344,1,7.602538747605893
1345,1,6.419258089782809
1346,1,9.474732772214344
1347,1,2.5178551342816466
1348,1,8.53344685256379
1349,1,5.2225275912874745
1350,1,10.253529641538943
1351,1,8.886104224580977
1352,1,6.683368990313865
1353,1,4.190933940627848
1354,1,7.31716323252221
1355,1,7.079834072400259
1356,1,5.6377215320122795
1357,1,8.56084723947073
1358,1,5.208536295072684
1359,1,5.043099725118043
1360,1,7.4485778121910045
1361,1,4.032247479622663
1362,1,4.794926124412198
1363,1,8.922800008348329
1364,1,8.150743465810555
1365,1,4.743987317424862
1366,1,4.454082669664987
1367,1,8.398746405440804
1368,1,5.8553326189442085
1369,1,7.085325067153822
1370,1,6.969681359839831
1371,1,8.555503161949696
1372,1,9.709303060808963
1373,1,6.670346105260386
1374,1,6.950571350180099
1375,1,7.4871419402374695
1376,1,8.87833256714097
1377,1,3.4921349148327034
1378,1,9.89770404977415
1379,1,7.514167281807451
1380,1,4.757259962587051
1381,1,6.7030768186486265
1382,1,6.7970289633090095
1383,1,6.928169399884094
1384,1,5.451073236961441
1385,1,3.291612308593207
1386,1,5.222464384801833
1387,1,2.582455765659303
1388,1,7.191510895301204
1389,1,3.8579561065328662
1390,1,3.264660470241965
1391,1,8.019368185240149
1392,1,5.441389817863146
1393,1,8.578335275078892
1394,1,3.6441029494428547
1395,1,4.399448123285677
1396,1,6.852895723916207
1397,1,7.3935637229041316
1398,1,10.034501214504346
1399,1,3.581154720659241
1400,1,2.0524072515634155
1401,1,5.790553830263934
1402,1,3.9863234414766846
1403,1,8.189516824786258
1404,1,7.6621488914073375
1405,1,4.562087392297049
1406,1,5.288024975738997
1407,1,8.589930410473226
1408,1,8.322670766798824
1409,1,5.653570633682627
1410,1,4.04583587580747
1411,1,6.210100410782195
1412,1,6.2979167068582935
1413,1,5.6147820350052084
1414,1,7.695179062270377
1415,1,5.929423952401622
1416,1,4.937762938594522
1417,1,7.651284796756805
1418,1,6.66341802925529
1419,1,6.777762684873338
1420,1,6.727180740387632
1421,1,4.863608241511944
1422,1,7.275113467956408
1423,1,8.674748886145267
1424,1,4.872976395368951
1425,1,5.878981148027335
1426,1,6.706317786908641
1427,1,3.100534283117327
1428,1,8.074322385053552
1429,1,7.748187545533263
1430,1,8.613534701348142
1431,1,4.733561070051594
1432,1,4.65266595124925
1433,1,4.567613120644352
1434,1,9.633288261177588
1435,1,8.298136790523934
1436,1,5.458049525327038
1437,1,4.162011409608618
1438,1,4.0185094887225565
1439,1,6.395125426040575
1440,1,5.187053306719956
1441,1,8.947538393613966
1442,1,10.437209001822144
1443,1,7.7417174787546585
1444,1,7.402232912894068
1445,1,8.446124664022815
1446,1,6.7554973614246565
1447,1,8.362769793917543
1448,1,4.807677134662996
1449,1,5.854748812935329
1450,1,6.5679002433184115
1451,1,6.3108707054339215
1452,1,8.721490269613582
1453,1,4.056367193438397
1454,1,4.340514223283905
1455,1,3.992950443604054
1456,1,6.66584335339706
1457,1,5.193790687101007
1458,1,5.780860304904894
1459,1,7.720734759485106
1460,1,6.558935759276942
1461,1,3.333510590667857
1462,1,4.47093026027226
1463,1,3.327106579439929
1464,1,7.4045525650013335
1465,1,6.8493596095128595
1466,1,4.739517424447506
1467,1,9.93382293674091
1468,1,6.789032291863628
1469,1,9.191133337901308
1470,1,5.115275470104116
1471,1,10.488807031707848
1472,1,6.5058490840556145
1473,1,6.025794951940281
1474,1,3.0278931925824364
1475,1,7.616918897052541
1476,1,11.287672270444025
1477,1,5.4485141961559735
1478,1,5.724763079476036
1479,1,4.007379613330077
1480,1,5.8663370962359584
1481,1,5.6288147979338214
1482,1,4.10519874441893
1483,1,7.066250422223014
1484,1,7.928284657287591
1485,1,4.964080043328495
1486,1,5.810247185738956
1487,1,7.666306470718343
1488,1,9.233669462551726
1489,1,8.875625870312803
1490,1,6.772258242313824
1491,1,7.4992514895584375
1492,1,5.9398961439211515
1493,1,7.2711291737627155
1494,1,7.379129581619585
1495,1,3.754849703615871
1496,1,6.744164447672038
1497,1,5.699716970859585
1498,1,6.845171107354217
1499,1,10.080873560427724
1500,1,5.587540185863803
1501,1,7.460156114736437
1502,1,3.573022122395962
1503,1,2.4460677774396182
1504,1,2.806593040836607
1505,1,3.5295503749337525
1506,1,6.733794631635097
1507,1,1.6457451655925852
1508,1,6.000289339772427
1509,1,6.453135196655711
1510,1,3.846403666865634
1511,1,4.789212279232119
1512,1,-1.4532434055011598
1513,1,4.493493815603202
1514,1,-0.5603945610248495
1515,1,3.9807365069674163
1516,1,7.394531102983539
1517,1,2.120916804221067
1518,1,4.555275730561604
1519,1,-2.114245761495496
1520,1,2.4865679169859023
1521,1,8.133161670165777
1522,1,5.793632771912295
1523,1,3.439138009030265
1524,1,0.16892663774133887
1525,1,6.714822061931504
1526,1,1.800301571233939
1527,1,0.24444836088039879
1528,1,3.436603254451699
1529,1,7.190524426114273
1530,1,5.169303490782675
1531,1,5.372595418401328
1532,1,2.8748503185131207
1533,1,7.597964944313523
1534,1,2.513129769764701
1535,1,3.772692799123751
1536,1,5.107997376560002
1537,1,9.397152422287197
1538,1,-1.4619850142549105
1539,1,0.8077409739887006
1540,1,0.9090779442700098
1541,1,7.086356905147723
1542,1,6.016555062454918
1543,1,0.40580539882875055
1544,1,4.9037169695410965
1545,1,4.570619038570834
1546,1,2.517415086527405
1547,1,2.7629541381416463
1548,1,1.6070834739665036
1549,1,2.123651158220139
1550,1,0.67117365860113
1551,1,2.2818193811732033
1552,1,4.77005934425289
1553,1,4.457362795512823
1554,1,3.6893732906335424
1555,1,4.3685168235112135
1556,1,5.7319449241425025
1557,1,7.25794419076027
1558,1,4.426142466457918
1559,1,4.227259536407948
1560,1,6.345246271966688
1561,1,-0.5462371904311154
1562,1,5.726563500758233
1563,1,3.482733075301725
1564,1,3.4877983211903305
1565,1,2.211178623252431
1566,1,5.42713650039615
1567,1,6.598039673393756
1568,1,3.0542358096217885
1569,1,3.347456309283784
1570,1,5.239679476914956
1571,1,3.5463371946680637
1572,1,3.717924415702783
1573,1,1.8120640934307648
1574,1,6.4630731980798375
1575,1,3.3831328133370975
1576,1,6.547000234876825
1577,1,2.700851187836713
1578,1,2.3732484844388395
1579,1,1.7456435064184848
1580,1,4.929296021663333
1581,1,4.258332763049607
1582,1,-3.310729952269003
1583,1,3.9648827557010926
1584,1,6.509023733094064
1585,1,6.553579515509096
1586,1,8.23305456165279
1587,1,2.6012612701378774
1588,1,2.1112094641783776
1589,1,1.456834525763068
1590,1,0.9069306357798727
1591,1,11.104124771965056
1592,1,8.982201355850846
1593,1,4.824455369813698
1594,1,-0.10435546596465273
1595,1,1.0793147567926522
1596,1,0.11901586261132246
1597,1,2.098114198498443
1598,1,3.7099255405784377
1599,1,7.2640335879352795
1600,1,1.8976974377027145
1601,1,6.795493694491923
1602,1,3.3748529338801876
1603,1,3.888627147612961
1604,1,4.964401220868409
1605,1,1.6909932771668514
1606,1,0.354269118328535
1607,1,7.348482331981254
1608,1,7.901001622953466
1609,1,1.8630263857336509
1610,1,2.5014843452047244
1611,1,5.978361648945494
1612,1,5.493575185726811
1613,1,-2.484469392769833
1614,1,-0.08656429376293118
1615,1,6.03628448510898
1616,1,5.991629432696388
1617,1,2.5137076553223308
1618,1,4.77970820220833
1619,1,1.7722864851599902
1620,1,5.3909920138622205
1621,1,7.691940216534105
1622,1,4.603895967726297
1623,1,7.818257167364491
1624,1,3.002834482343112
1625,1,3.647447493258897
1626,1,6.293317176871945
1627,1,6.759878077446022
1628,1,3.3427967362386704
1629,1,1.2824939990431892
1630,1,6.997782637953192
1631,1,7.34187071428174
1632,1,9.280530524899948
1633,1,5.832391163919698
1634,1,5.149721836220809
1635,1,2.0569023348751503
1636,1,2.23411283350026
1637,1,4.467335979715026
1638,1,3.6347156840720563
1639,1,7.825130133760631
1640,1,4.101065262660022
1641,1,4.041663162018273
1642,1,5.094746003400154
1643,1,4.581353758406013
1644,1,4.20529761027627
1645,1,4.948884210470521
1646,1,3.7036670765318456
1647,1,6.330739031698499
1648,1,-2.0558635228548563
1649,1,6.38193430977032
1650,1,3.6671635225031323
1651,1,3.6624835560703457
1652,1,5.959586949755165
1653,1,4.159983349047665
1654,1,6.464637905539489
1655,1,5.145278460518464
1656,1,6.317337178815758
1657,1,4.338383446208594
1658,1,2.3167874403510558
1659,1,3.3485511567748127
1660,1,3.773905295730914
1661,1,5.358714440253354
1662,1,1.3629962591398788
1663,1,4.842311990778788
1664,1,-0.808703670237013
1665,1,3.604998271605845
1666,1,3.8894881303256557
1667,1,2.13593836036373
1668,1,2.359059283143082
1669,1,6.60648460947141
1670,1,6.093373908367106
1671,1,4.249957633998753
1672,1,3.431431890311226
1673,1,-0.12517159812849332
1674,1,7.810717239530808
1675,1,4.617070638412432
1676,1,6.331614280390177
1677,1,0.7050196357417039
1678,1,6.088601477773622
1679,1,3.2080385519154073
1680,1,8.035803029684745
1681,1,4.539634473227401
1682,1,0.6826372374211337
1683,1,2.280294988502747
1684,1,4.267996473705693
1685,1,2.395816027024604
1686,1,5.801704110588483
1687,1,8.631675870381118
1688,1,5.068055975658774
1689,1,4.570425537218562
1690,1,-0.8640920528229187
1691,1,2.6236763859473484
1692,1,1.9290063046135084
1693,1,5.337507413901888
1694,1,9.659069723338828
1695,1,4.703797313516041
1696,1,4.827526517980866
1697,1,3.9980953553073992
1698,1,4.490310485030231
1699,1,1.775493329594295
1700,1,4.547896964891035
1701,1,6.942383180536022
1702,1,4.059812098394043
1703,1,1.7406920945327835
1704,1,3.203860382272668
1705,1,5.476618156139238
1706,1,3.418878658910724
1707,1,0.8576278220029553
1708,1,6.468659336477927
1709,1,4.367202419686334
1710,1,-0.7462434197535857
1711,1,4.080148695531559
1712,1,3.765256675759216
1713,1,5.890111428418842
1714,1,3.9272346586899656
1715,1,2.0055208594084406
1716,1,7.533096648040351
1717,1,3.4887070009559307
1718,1,6.013820517317276
1719,1,7.30158011282116
1720,1,6.970157178626104
1721,1,4.020728723459347
1722,1,1.6161123399280557
1723,1,3.0613499491688927
1724,1,7.1621115547965015
1725,1,9.197969607020337
1726,1,5.382902328975689
1727,1,1.8055258052125738
1728,1,4.706169476079838
1729,1,4.10800385589501
1730,1,1.3244007490261809
1731,1,4.6206016546232656
1732,1,5.614555688280599
1733,1,3.8715300698798445
1734,1,7.255098700933303
1735,1,5.81629729845981
1736,1,6.19092663494156
1737,1,6.979880199373938
1738,1,1.957807101706594
1739,1,4.152094267867069
1740,1,6.1183134687063685
1741,1,4.279132789824281
1742,1,-1.0618110730977528
1743,1,8.282654240546243
1744,1,5.177305882436154
1745,1,3.65076268108175
1746,1,2.1082750080177517
1747,1,5.842497406710544
1748,1,1.5882033488104637
1749,1,4.631003855545882
1750,1,0.8156903167487545
1751,1,4.871103675778558
1752,1,4.0431192025392795
1753,1,1.278557990059578
1754,1,5.81041638733387
1755,1,4.615546400251202
1756,1,2.76961551948422
1757,1,1.1434682650147057
1758,1,5.954651053432553
1759,1,5.537742927177883
1760,1,3.555478849672228
1761,1,7.260227992876184
1762,1,0.4298112062286562
1763,1,7.569047983462166
1764,1,-1.2892827099309967
1765,1,5.358841830693933
1766,1,6.297573235810238
1767,1,2.914617094157311
1768,1,5.895537813650847
1769,1,0.9486707069184567
1770,1,4.357478635468984
1771,1,2.811239173266844
1772,1,1.4689150409069764
1773,1,5.9524969722274035
1774,1,7.78908938920131
1775,1,2.65022165322866
1776,1,4.840303061529996
1777,1,3.7889871080308715
1778,1,6.279624391712205
1779,1,5.340976754468946
1780,1,0.826794173394395
1781,1,-0.7766303453391221
1782,1,6.12929882890422
1783,1,6.366320243761254
1784,1,2.0369044305809476
1785,1,6.137774658988962
1786,1,2.429760151437846
1787,1,5.093363722341088
1788,1,3.978092838078194
1789,1,8.0836658762879
1790,1,5.741031118244035
1791,1,1.1568019756923258
1792,1,3.8273991424546527
1793,1,-0.58830416345263
1794,1,4.0320049585691455
1795,1,9.135928997688803
1796,1,10.654522579055453
1797,1,8.039763738918797
1798,1,6.971380960853348
1799,1,3.499795548080973
1800,1,4.479912462614264
1801,1,1.0707029190161057
1802,1,6.026000224151645
1803,1,4.174752188125423
1804,1,4.350259836503131
1805,1,4.30271023614054
1806,1,4.00123541167133
1807,1,6.056628765398982
1808,1,4.016664187314783
1809,1,0.11738723045902055
1810,1,5.2983643503135704
1811,1,2.29767395262062
1812,1,4.180510679252693
1813,1,4.436229921302788
1814,1,3.91982830750162
1815,1,4.161128654057429
1816,1,3.1354320214304767
1817,1,0.18642803678391495
1818,1,7.361594957491009
1819,1,4.847072743664714
1820,1,6.574266666108643
1821,1,5.9095884953462186
1822,1,5.1722743130154125
1823,1,7.62818018609433
1824,1,7.626238680031175
1825,1,3.812711639917359
1826,1,0.15165213440357217
1827,1,3.0748734623818006
1828,1,1.4728654849067024
1829,1,5.39315173161658
1830,1,4.909785363362462
1831,1,4.521221427159975
1832,1,2.400272188408089
1833,1,6.397324771478421
1834,1,4.533035614181807
1835,1,5.240355069357022
1836,1,6.921590052755944
1837,1,9.85004611365894
1838,1,7.535003919712651
1839,1,5.00171949316289
1840,1,4.462428033092207
1841,1,5.402256977434589
1842,1,4.335501632612478
1843,1,0.8478393321056968
1844,1,2.5128081067014714
1845,1,5.421682104243783
1846,1,-0.3470783079675947
1847,1,5.158390974049997
1848,1,3.6796776578526598
1849,1,4.393197577613601
1850,1,6.735953544789578
1851,1,6.9712235778436815
1852,1,4.1927213445607645
1853,1,3.354586138895581
1854,1,3.30071476552294
1855,1,6.169993440839553
1856,1,-1.3027337304685171
1857,1,3.8038850207358563
1858,1,4.24033928342628
1859,1,3.576555430056018
1860,1,5.988475828628767
1861,1,3.2935606797397123
1862,1,0.8773704921463982
1863,1,7.3861736389328545
1864,1,4.284219006450737
1865,1,3.975764732646223
1866,1,4.124951220122731
1867,1,7.799198084283574
1868,1,0.7905777692362205
1869,1,5.2712407609020095
1870,1,10.720276554403862
1871,1,0.6980098676552583
1872,1,4.024492062977307
1873,1,-0.11008008701152405
1874,1,1.759123310284585
1875,1,5.154613296716104
1876,1,3.718219817540563
1877,1,2.41691468129712
1878,1,7.813764461819446
1879,1,2.8772729734324187
1880,1,3.1429676519694048
1881,1,4.5519010313409245
1882,1,2.556569544007809
1883,1,4.788773027609669
1884,1,6.803509844682226
1885,1,5.627185774111125
1886,1,4.903931970260038
1887,1,6.811736332562196
1888,1,10.518958502135533
1889,1,4.52296175802882
1890,1,8.743317765009085
1891,1,6.6961138439950805
1892,1,0.6436155703905543
1893,1,4.974498457285968
1894,1,3.476452729318926
1895,1,6.370665097498333
1896,1,1.9218848497336598
1897,1,8.142205600604068
1898,1,5.738140919822941
1899,1,3.5236743369131713
1900,1,7.57272958881039
1901,1,4.471300683073787
1902,1,7.670015773959676
1903,1,3.2194657784959233
1904,1,3.2099736657188838
1905,1,1.7663270093710466
1906,1,2.3250903255095348
1907,1,6.459456964535728
1908,1,3.897875785132928
1909,1,4.075631369098341
1910,1,3.114148498108157
1911,1,2.6885811016682046
1912,1,4.78205368841971
1913,1,2.0683591125802847
1914,1,5.565060106203062
1915,1,4.8128617420598765
1916,1,5.704184209049628
1917,1,10.336444501119582
1918,1,4.082714217893067
1919,1,3.2054881444203662
1920,1,4.165897816010853
1921,1,4.851159839732553
1922,1,2.751180468997778
1923,1,6.077542995132752
1924,1,4.42056986630878
1925,1,1.0711834252551347
1926,1,3.0592861044079847
1927,1,2.297612073743187
1928,1,6.4377204131940875
1929,1,3.1264100072599654
1930,1,4.9182785808489005
1931,1,0.4499242862765155
1932,1,5.212876030669606
1933,1,0.5717976673272552
1934,1,3.5483832584539825
1935,1,5.325048620875628
1936,1,0.7503544487523025
1937,1,4.144383252087367
1938,1,8.924281817131913
1939,1,7.127584956086964
1940,1,4.675235992717035
1941,1,6.722168155769042
1942,1,5.781951665855066
1943,1,9.826868304565407
1944,1,2.085989505133432
1945,1,4.541661028729615
1946,1,4.828249150427793
1947,1,1.2096656763730564
1948,1,3.8078737832913983
1949,1,3.793943778199201
1950,1,5.606262351034353
1951,1,3.3768998154470293
1952,1,7.126028137697158
1953,1,2.198491090995866
1954,1,8.84492473727578
1955,1,4.914344721169269
1956,1,4.342023268062025
1957,1,2.081382651606414
1958,1,7.008045862131658
1959,1,5.90290487638904
1960,1,5.47009258985009
1961,1,6.42754063503198
1962,1,4.129457960147274
1963,1,3.62780168150019
1964,1,5.007897545237214
1965,1,4.330109562132388
1966,1,2.3973001818929434
1967,1,3.1206319651405776
1968,1,3.770202544116279
1969,1,6.622568284242997
1970,1,4.638383411134131
1971,1,3.2514573089930923
1972,1,6.44412187185129
1973,1,5.372675409073871
1974,1,2.5428287361639725
1975,1,1.056403476554947
1976,1,4.39472725074411
1977,1,2.9484788066578207
1978,1,3.1570937395097274
1979,1,1.2786322526430585
1980,1,6.665609796361413
1981,1,5.324140436184099
1982,1,1.2126066831390125
1983,1,1.853593486920317
1984,1,6.532747363232617
1985,1,4.393469356970265
1986,1,5.40344415224597
1987,1,0.5909613630853584
1988,1,7.106286526582424
1989,1,5.330703468319819
1990,1,4.593504778282734
1991,1,2.2707117765235783
1992,1,5.482291307312267
1993,1,0.6846031340508608
1994,1,3.169810103479155
1995,1,6.688018875460271
1996,1,6.098624229656553
1997,1,10.096619482026238
1998,1,2.0196380007579195
1999,1,2.349576410173231
2000,1,6.291955269583283
2001,1,3.5753583461179415
2002,1,2.8696261208156666
2003,1,2.584523585949735
2004,1,6.717623003174962
2005,1,6.559087555198469
2006,1,5.777267402114993
2007,1,5.841097620294045
2008,1,5.421402503237606
2009,1,4.3887607372384885
2010,1,3.013526371352083
2011,1,6.1596586545432395
2012,1,9.063873720382885
2013,1,0.33843057285355604
2014,1,4.845754245907284
2015,1,6.454338838191978
2016,1,4.9322157984595245
2017,1,8.328487476092295
2018,1,5.622522099971392
2019,1,6.479696651681596
2020,1,4.433414848214022
2021,1,1.7177485439713953
2022,1,1.3943825007931014
2023,1,5.474853151883912
2024,1,2.3878217033282376
2025,1,3.988125118962596
2026,1,5.553253827531774
2027,1,4.868242352928213
2028,1,3.8210000496528065
2029,1,3.3315605587056525
2030,1,3.3654445977886165
2031,1,9.646154097403805
2032,1,4.696591719059873
2033,1,1.3760444483934795
2034,1,6.443766477969688
2035,1,5.683707276028927
2036,1,8.154034699348845
2037,1,1.8744588315581772
2038,1,4.501851936199689
2039,1,5.03893295254776
2040,1,1.3666734180405147
2041,1,9.398801442404672
2042,1,4.688604662710003
2043,1,6.0653686428822455
2044,1,6.118892900951078
2045,1,7.696784009617787
2046,1,9.513798962251544
2047,1,4.3215779850180915
2048,1,6.13299311703938
2049,1,5.911796640199677
2050,1,7.492951560459749
2051,1,6.971472475276436
2052,1,1.0812482999072803
2053,1,5.534062604050529
2054,1,3.1753964614428427
2055,1,3.4537227277614924
2056,1,2.594972762143482
2057,1,6.029663078576768
2058,1,0.7136889199522712
2059,1,2.2279163068012853
2060,1,3.541548568473529
2061,1,5.95674269196926
2062,1,3.0561671652421523
2063,1,9.447998355409593
2064,1,4.078639916618604
2065,1,7.75406321294375
2066,1,9.535793844293924
2067,1,3.630306450943445
2068,1,3.0836419761804605
2069,1,2.5281348957540724
2070,1,3.759687169192549
2071,1,6.128412448433963
2072,1,4.2364158035064685
2073,1,4.842478920624906
2074,1,6.438708642699955
2075,1,5.072106894598639
2076,1,2.6935428666306045
2077,1,5.812678753605038
2078,1,4.556044119052239
2079,1,6.601753482291202
2080,1,3.7335811269153543
2081,1,4.794391462382509
2082,1,4.443084106499244
2083,1,7.866214149912203
2084,1,6.22244736245175
2085,1,3.770884837238808
2086,1,5.832985413986305
2087,1,3.6496257333812543
2088,1,5.149474841339088
2089,1,6.8371266445932
2090,1,8.19295782068395
2091,1,5.552870480477704
2092,1,8.95861683073276
2093,1,4.327495550170633
2094,1,5.998815628123831
2095,1,1.5882721788629914
2096,1,6.573335442050672
2097,1,2.9432903255272467
2098,1,4.81137360665036
2099,1,4.941943593629834
2100,1,10.593258251905953
2101,1,4.657498929027025
2102,1,4.8428811329922015
2103,1,3.523234864523378
2104,1,4.2940130682862705
2105,1,1.3349032873707927
2106,1,3.8811777290088947
2107,1,6.611992714983557
2108,1,3.2486036697431486
2109,1,5.804316542005393
2110,1,3.4154910364422517
2111,1,5.921897996178508
2112,1,5.0576702447071975
2113,1,7.504238264508691
2114,1,7.450206704177244
2115,1,5.612497394341875
2116,1,12.213225957980459
2117,1,9.705873349859596
2118,1,2.0765117551644594
2119,1,8.231855117168761
2120,1,7.766423513455672
2121,1,-3.00438776265934
2122,1,2.6844564087170135
2123,1,8.006786794590228
2124,1,6.099302750936985
2125,1,4.8428479834962905
2126,1,6.8940810086845214
2127,1,-0.18216699234937517
2128,1,8.149276958894813
2129,1,8.15327255715508
2130,1,3.8421002551504757
2131,1,1.1957045960209545
2132,1,2.6923477195202294
2133,1,5.295308068486835
2134,1,3.4968937577293313
2135,1,4.922188616180744
2136,1,4.106579781926169
2137,1,5.226073154785363
2138,1,4.467770906095153
2139,1,10.714909353572159
2140,1,5.394044833403745
2141,1,1.8042053458232514
2142,1,7.566694835170651
2143,1,5.553900194738153
2144,1,5.995677776742302
2145,1,1.4318989887870144
2146,1,8.575775989477263
2147,1,3.777297233221127
2148,1,6.401726858479142
2149,1,3.568864808468812
2150,1,4.82819996246609
2151,1,5.641431003849543
2152,1,0.4888202838241128
2153,1,3.988821745846178
2154,1,2.4676107503208637
2155,1,5.939389926995055
2156,1,6.718575943570633
2157,1,6.939811104238773
2158,1,4.427278520187112
2159,1,4.449044691548975
2160,1,8.942946615887564
2161,1,6.741210228216936
2162,1,4.49116353406561
2163,1,8.839120401395377
2164,1,2.448150071951157
2165,1,2.8839042104571293
2166,1,8.409905088080736
2167,1,1.496296461784996
2168,1,3.736614249986427
2169,1,7.036738395197553
2170,1,4.579060054450423
2171,1,1.1771367734930096
2172,1,4.4788634676621095
2173,1,2.090347201778695
2174,1,5.0885919285816525
2175,1,5.929358887016498
2176,1,4.701192320438151
2177,1,3.660410702157796
2178,1,4.784665884358028
2179,1,5.401009640067411
2180,1,2.7760518168086286
2181,1,5.265718931035096
2182,1,2.3221173894474623
2183,1,3.5784364874083168
2184,1,4.860075638300258
2185,1,8.102436627628808
2186,1,5.929990649728615
2187,1,5.364552128838257
2188,1,2.6263296848834234
2189,1,2.4380474268159484
2190,1,3.784136943633112
2191,1,6.334322075759429
2192,1,6.612137877697935
2193,1,6.383291556736175
2194,1,4.078303733141582
2195,1,2.0132433604399114
2196,1,1.9564838154287698
2197,1,3.73267095792839
2198,1,6.87096737421513
2199,1,4.614582833940061
2200,1,8.960589596067994
2201,1,3.8688259248682804
2202,1,7.386864525262288
2203,1,3.458541910500253
2204,1,4.38385605298141
2205,1,4.465444157437775
2206,1,6.212103964201795
2207,1,7.465424339875902
2208,1,5.632659139470676
2209,1,7.570589343803698
2210,1,3.01641224152516
2211,1,8.483977498228215
2212,1,2.550925970226626
2213,1,5.427131570444456
2214,1,5.41016088922681
2215,1,3.6012670043960155
2216,1,2.783961188345273
2217,1,3.457140108873801
2218,1,4.892280283807359
2219,1,2.4644074062034553
2220,1,6.856974030409988
2221,1,-2.5228750403470905
2222,1,7.129572900399962
2223,1,0.1028556492100603
2224,1,7.109682798824309
2225,1,5.802583032657304
2226,1,2.7357633607937184
2227,1,7.006788273532863
2228,1,6.291870254004867
2229,1,7.55376003489244
2230,1,6.817519978495659
2231,1,6.1477674836026
2232,1,1.847915879368192
2233,1,3.963723019405855
2234,1,2.1152462911580288
2235,1,11.758929074342483
2236,1,4.110659906455634
2237,1,9.33276406750991
2238,1,3.4597629421450216
2239,1,9.274087915135736
2240,1,4.874245040117602
2241,1,2.1971387515303324
2242,1,5.428133016336929
2243,1,7.532826015809654
2244,1,3.389449265208222
2245,1,1.9015958700981899
2246,1,-0.038078337405071716
2247,1,4.628284638892327
2248,1,3.06881131845447
2249,1,3.5367852204948815
2250,1,3.1584026271725647
2251,1,0.8685236643040196
2252,1,4.219145759726077
2253,1,1.9441763068158577
2254,1,3.465610000075204
2255,1,4.012679113411737
2256,1,4.24642139982463
2257,1,5.8515998436494865
2258,1,3.240369619625273
2259,1,7.817792448745124
2260,1,5.691758673595087
2261,1,4.644519332161607
2262,1,5.4416685186042795
2263,1,3.5673937054585534
2264,1,6.877596877252654
2265,1,6.341264615008072
2266,1,3.3541140576132826
2267,1,1.7746456313990011
2268,1,6.974411148689102
2269,1,-0.37008723048637704
2270,1,4.534600065974121
2271,1,5.621376120467915
2272,1,4.578188584031991
2273,1,7.96503459460193
2274,1,3.243571311068393
2275,1,4.9563817799179475
2276,1,7.495808195180089
2277,1,2.6957659580701625
2278,1,1.6623009948834855
2279,1,6.368106410826001
2280,1,6.202458787097398
2281,1,5.961743869038026
2282,1,5.695225070512399
2283,1,7.197525206628655
2284,1,7.519564007250464
2285,1,-0.24629780190667716
2286,1,7.105262533028754
2287,1,9.803684284351093
2288,1,5.109170874895923
2289,1,2.5811349446668914
2290,1,3.217923609503167
2291,1,3.288920602381325
2292,1,4.7427278970830775
2293,1,4.309487404032596
2294,1,7.261875586697013
2295,1,2.285375844820101
2296,1,6.202074166569564
2297,1,3.7014813725197375
2298,1,7.927689084243511
2299,1,0.11593618045976872
2300,1,3.3867890450081926
2301,1,3.8354866922998467
2302,1,5.62731155594123
2303,1,6.4984218054675225
2304,1,7.205279137762787
2305,1,5.198101766589092
2306,1,1.7247259818919334
2307,1,6.624658203852922
2308,1,1.2649840867745565
2309,1,4.38242024169262
2310,1,0.7274355140047529
2311,1,8.272420674816615
2312,1,5.547718949023485
2313,1,1.4365879008501627
2314,1,3.757849570423575
2315,1,7.364761330843663
2316,1,3.3299782870635064
2317,1,4.713611059343278
2318,1,1.8689038262874407
2319,1,7.594457077936585
2320,1,3.964702588537581
2321,1,3.1926549554963954
2322,1,0.6622855252297216
2323,1,1.941115392995731
2324,1,5.91325693750484
2325,1,3.149166963657106
2326,1,5.572835596420828
2327,1,3.831633435669936
2328,1,9.186557838900448
2329,1,4.460978648986296
2330,1,4.787030200300307
2331,1,-0.07401724481284533
2332,1,8.968713126796098
2333,1,1.586070549535
2334,1,1.361207599479278
2335,1,6.85581199874632
2336,1,8.787091513367196
2337,1,3.893865154160421
2338,1,8.514378517494137
2339,1,5.57801676674158
2340,1,11.645918173796113
2341,1,1.7216545168933015
2342,1,4.281457532301432
2343,1,9.897597551225328
2344,1,7.139858593813961
2345,1,6.597595735778078
2346,1,2.118680459147134
2347,1,3.6086577667818296
2348,1,2.796523619188475
2349,1,6.112554294858731
2350,1,2.7738587508732975
2351,1,4.823121687953426
2352,1,6.718513238305382
2353,1,3.525116775793142
2354,1,11.563040267406981
2355,1,2.8972563702978555
2356,1,5.228592438436744
2357,1,4.32006752106795
2358,1,7.337942737519269
2359,1,6.702565997239923
2360,1,3.2992017684659474
2361,1,7.216793435729271
2362,1,7.8668411140289365
2363,1,9.045803104578845
2364,1,6.603365046306297
2365,1,6.979401784397568
2366,1,4.7436977971628895
2367,1,1.2390200156046727
2368,1,7.640582980539103
2369,1,6.20384267043613
2370,1,9.185692422962898
2371,1,7.638470378570597
2372,1,2.045289809627931
2373,1,5.960962572572873
2374,1,6.299209222313636
2375,1,1.5737634421123796
2376,1,4.449985789719076
2377,1,-0.1491995334742785
2378,1,5.123439839555916
2379,1,4.404282718473593
2380,1,1.9435309498453233
2381,1,4.470078378224277
2382,1,4.193587806109945
2383,1,4.9143163280768825
2384,1,5.062030768835429
2385,1,7.440758596822549
2386,1,6.794941993001297
2387,1,3.1902932196744995
2388,1,5.285001879886161
2389,1,7.5098772130591325
2390,1,2.5333773557571044
2391,1,7.3745770221493085
2392,1,3.0822342637929867
2393,1,6.461769359258389
2394,1,5.399029997176558
2395,1,3.2894899344861632
2396,1,3.72145950481158
2397,1,6.002284158374159
2398,1,1.2265629612592077
2399,1,4.238464756381719
2400,1,2.9039257271131476
2401,1,8.68666678961223
2402,1,2.8815440266580485
2403,1,2.5823255703743326
2404,1,1.0436330009871928
2405,1,5.241593141529638
2406,1,10.860046353055433
2407,1,5.631011054211972
2408,1,3.0525925263819818
2409,1,5.9933412790671055
2410,1,3.7820604028556457
2411,1,4.6241931700401855
2412,1,5.580775559503825
2413,1,3.160208491642597
2414,1,3.9564526033627048
2415,1,6.2550699945291335
2416,1,5.3198612177669204
2417,1,3.6834462679294746
2418,1,6.075361112014803
2419,1,5.787460009932815
2420,1,1.8311718019452683
2421,1,9.30665385296752
2422,1,2.5115009339101158
2423,1,3.661529876971763
2424,1,1.559987188634051
2425,1,7.563584856223336
2426,1,4.356833129531231
2427,1,6.493922318244849
2428,1,4.220628349369301
2429,1,0.7093956281601778
2430,1,2.532823859612611
2431,1,5.733228844520948
2432,1,6.1477674836026
2433,1,7.028086820230458
2434,1,7.303811621441202
2435,1,1.5514324549773648
2436,1,4.756245509369984
2437,1,3.983873800530666
2438,1,6.9773496993100235
2439,1,4.1613945460895625
2440,1,0.14218180635402655
2441,1,4.803777207251391
2442,1,8.010662860950504
2443,1,6.138783768506785
2444,1,5.31917747449986
2445,1,0.8816403014824469
2446,1,8.366085715595249
2447,1,4.1973696439755015
2448,1,9.019838538355845
2449,1,11.17831568957356
2450,1,4.001610793608951
2451,1,2.2211478732629923
2452,1,5.170664389780987
2453,1,10.004199154069754
2454,1,7.2876293207893745
2455,1,3.171056268827863
2456,1,4.196567351906428
2457,1,5.801046548721295
2458,1,5.229799393987052
2459,1,6.275752015678372
2460,1,4.314636578710898
2461,1,2.177229364062246
2462,1,7.497407588437975
2463,1,0.8308137506680117
2464,1,1.6015272788746735
2465,1,4.968624057510708
2466,1,3.8385576581837806
2467,1,5.686161216438492
2468,1,3.306789778175095
2469,1,3.6192092460239453
2470,1,4.4566455665114715
2471,1,4.290862842219724
2472,1,6.843454723020909
2473,1,6.567318163345617
2474,1,2.4797177828567922
2475,1,3.4155324568707495
2476,1,2.7642749423309043
2477,1,3.055195749592977
2478,1,8.945679749400934
2479,1,5.722967764292784
2480,1,4.122873186654939
2481,1,3.7346168932344317
2482,1,6.864566434194785
2483,1,4.847793411603207
2484,1,2.0714539736552666
2485,1,2.8932722611969983
2486,1,8.481676658910365
2487,1,2.3018219178697135
2488,1,5.412025309927165
2489,1,-3.3204956570791233
2490,1,2.6178923678543256
2491,1,1.3184734308527464
2492,1,6.181509215280729
2493,1,3.995931580952894
2494,1,4.884813232605492
2495,1,3.8359461112078086
2496,1,4.3134247201736144
2497,1,5.5006562767518306
2498,1,6.788866698612513
2499,1,9.235201832425405
2500,1,6.319219542671067
2501,1,3.6157000827141217
2502,1,6.787315093692219
2503,1,5.437143496353764
2504,1,5.8480870462037275
2505,1,4.664380625039379
2506,1,4.6977778838656326
2507,1,5.2257935859875495
2508,1,7.463762680587086
2509,1,6.008326909931584
2510,1,7.327969258746972
2511,1,8.391490583780994
2512,1,1.8252507655249937
2513,1,9.192352777174941
2514,1,2.5391392982727745
2515,1,4.837221079150147
2516,1,5.293897233280918
2517,1,0.8143604078968948
2518,1,9.875319304125187
2519,1,7.577676898146391
2520,1,3.6349323464680894
2521,1,2.64261218281727
2522,1,-0.09877193035048693
2523,1,4.69319366553875
2524,1,0.3481763479977221
2525,1,3.787827320383609
2526,1,3.8496009958106536
2527,1,4.603474336697132
2528,1,7.142563918451713
2529,1,0.5723149674062543
2530,1,3.321252361277257
2531,1,5.0255482620651994
2532,1,3.91632048784964
2533,1,3.9572427383077797
2534,1,5.6674053389593135
2535,1,7.486082218325894
2536,1,5.431564756646883
2537,1,1.2045830845361905
2538,1,7.905180790000006
2539,1,4.644477978348674
2540,1,4.458690332295075
2541,1,0.9867645488334312
2542,1,5.613927006098687
2543,1,5.54178002739097
2544,1,8.68606434999119
2545,1,8.02757461641754
2546,1,9.606697408846511
2547,1,1.1874958188177187
2548,1,4.614210549523466
2549,1,-1.13256467321426
2550,1,6.74710425225067
2551,1,6.730165828281698
2552,1,5.888841587759606
2553,1,3.9624797177901985
2554,1,3.4875718532425704
2555,1,2.0082212050249026
2556,1,2.743809757072581
2557,1,4.634829280025773
2558,1,3.2311431495791405
2559,1,5.319136609347493
2560,1,4.969798559402098
2561,1,3.515453521378061
2562,1,1.3771792428932144
2563,1,4.330749046520436
2564,1,5.5069264417956445
2565,1,3.1857438771351125
2566,1,6.156203583271962
2567,1,0.0035627257815185054
2568,1,2.051208181421724
2569,1,4.0479673376566
2570,1,3.6176483232688397
2571,1,1.8283828278250875
2572,1,7.339795336382656
2573,1,1.7050261286246462
2574,1,3.4705923155823544
2575,1,6.022252756459291
2576,1,3.64351801599195
2577,1,5.934139884681707
2578,1,6.165964985891354
2579,1,4.947519783742156
2580,1,6.513748732055465
2581,1,2.9965010988436958
2582,1,5.859696485748529
2583,1,4.895468842140994
2584,1,2.323308151223188
2585,1,4.744458787044344
2586,1,6.405236448992848
2587,1,-1.8494160603341396
2588,1,5.824392461287475
2589,1,6.816540480534018
2590,1,3.0104967267189036
2591,1,4.111771858954435
2592,1,3.822070646329775
2593,1,6.3753639375015165
2594,1,3.697532928382119
2595,1,1.3684458044326595
2596,1,-0.25860236816278986
2597,1,4.930826126526929
2598,1,-1.2749862372638239
2599,1,1.9705151798719784
2600,1,4.005186186164815
2601,1,6.940423779437164
2602,1,5.265113553940594
2603,1,10.55255865952571
2604,1,7.967805673284998
2605,1,2.2465940824087363
2606,1,3.1533990602978057
2607,1,2.4563845277738268
2608,1,5.611773905929997
2609,1,6.600784488586352
2610,1,9.173645298010682
2611,1,3.8312571855312716
2612,1,5.906254371485706
2613,1,6.483437261003757
2614,1,3.9280037446157077
2615,1,3.1683955956643173
2616,1,3.6957324461681833
2617,1,5.536727812420519
2618,1,2.4910407265729164
2619,1,7.2915494010144055
2620,1,3.70726635845179
2621,1,9.451848391450907
2622,1,7.829192688026733
2623,1,4.814991768183094
2624,1,2.3208424286488425
2625,1,3.4683394867851853
2626,1,1.9701265185655639
2627,1,9.229320525457135
2628,1,1.9248760781740586
2629,1,3.3535785461657572
2630,1,0.22956767518379584
2631,1,5.5532483006761115
2632,1,0.6707313344112552
2633,1,10.518544939151125
2634,1,7.110769860250208
2635,1,1.666751616287816
2636,1,4.4592493455731015
2637,1,3.904467353521675
2638,1,7.3701330923725585
2639,1,2.2514422110109713
2640,1,3.911647340299709
2641,1,6.205201282498942
2642,1,6.099769237390079
2643,1,3.710968226303431
2644,1,4.068988553525772
2645,1,-2.8912680092575993
2646,1,2.931214652403622
2647,1,6.47219281829401
2648,1,3.98725716671121
2649,1,0.2736460973005692
2650,1,2.484300874958816
2651,1,5.096782169947346
2652,1,5.270143618024749
2653,1,3.6315857660437794
2654,1,4.637771094051397
2655,1,2.5665399903475707
2656,1,5.103367721267614
2657,1,3.4251875438504222
2658,1,6.135825850553854
2659,1,5.478950364566173
2660,1,1.2748303395392968
2661,1,4.9409154689971775
2662,1,4.425399701985788
2663,1,4.364859706853175
2664,1,8.482549247301888
2665,1,5.101419568667534
2666,1,3.4630517468048114
2667,1,7.25696898576228
2668,1,8.572062117699389
2669,1,7.5519539871468275
2670,1,4.232931891497593
2671,1,0.6496201924301216
2672,1,7.327011943727161
2673,1,6.335046891871485
2674,1,4.2230937560422195
2675,1,4.34012937347536
2676,1,8.5643706292942
2677,1,4.854365274849508
2678,1,6.8520111670867365
2679,1,4.948225412704177
2680,1,0.6826372374211337
2681,1,2.0661533679560757
2682,1,3.8793937942144923
2683,1,5.807556133114753
2684,1,6.627343119187009
2685,1,8.819754203063932
2686,1,6.498558801393575
2687,1,1.5020259726974992
2688,1,-0.6509585420654643
2689,1,4.16141695167861
2690,1,5.7631578830583985
2691,1,6.167592167480842
2692,1,7.2310368148066395
2693,1,4.322199043496608
2694,1,6.618796521124684
2695,1,6.713608515468383
2696,1,3.2238246627255953
2697,1,4.810845808033334
2698,1,6.25349367025737
2699,1,5.266831748754275
2700,1,4.50530215540005
2701,1,3.9297956804473695
2702,1,4.005589756910073
2703,1,6.482468572905033
2704,1,6.482933758328895
2705,1,6.802089009151113
2706,1,6.983592148049488
2707,1,4.104980408798018
2708,1,3.1468825524053843
2709,1,5.546293269561101
2710,1,8.652776253549504
2711,1,5.115154824399079
2712,1,4.874786818682361
2713,1,7.387405493646543
2714,1,0.5794461477646992
2715,1,7.35676057111915
2716,1,6.219856905895029
2717,1,4.385200230691117
2718,1,7.365323793550518
2719,1,5.397333498655357
2720,1,4.314306695448262
2721,1,10.141827607685219
2722,1,9.140957468021643
2723,1,1.4977379773015733
2724,1,6.076980057602379
2725,1,0.3508207816712735
2726,1,-1.315604791259978
2727,1,3.0909916957782304
2728,1,9.801109638717163
2729,1,5.229995806409214
2730,1,4.721531688649338
2731,1,2.663456048412842
2732,1,1.0387191033761018
2733,1,7.651465866335219
2734,1,6.006433829947967
2735,1,5.483399879885892
2736,1,3.889067416799406
2737,1,2.41340870162948
2738,1,1.2026402488664973
2739,1,-0.43799155290120706
2740,1,2.877616990196515
2741,1,0.22399985398585331
2742,1,8.587172154196647
2743,1,6.859590280702962
2744,1,4.829351034035506
2745,1,3.4707239337311226
2746,1,2.0337549878568195
2747,1,4.1458462551372115
2748,1,4.7808130094373045
2749,1,3.9344707314132514
2750,1,1.1752602473582225
2751,1,-3.6845271722578006
2752,1,5.130252437057208
2753,1,6.467206940160178
2754,1,8.16325043978118
2755,1,7.80788827784272
2756,1,4.34529505701749
2757,1,6.725486725783604
2758,1,2.380387401109477
2759,1,3.34732551436194
2760,1,3.2539287805220005
2761,1,7.125692833499346
2762,1,4.978939815565588
2763,1,3.1067056452955133
2764,1,4.552538322414578
2765,1,3.408011299961594
2766,1,10.001278066775479
2767,1,2.3435763021449856
2768,1,3.2283518458554696
2769,1,3.790432062234911
2770,1,2.246406399210785
2771,1,4.0671323612361325
2772,1,-0.8565160049576784
2773,1,4.348179169250935
2774,1,5.231298986368395
2775,1,3.899887707429325
2776,1,-0.24629780190667716
2777,1,3.4661824177083242
2778,1,7.4219731026454205
2779,1,2.8234713962707243
2780,1,4.295267319748608
2781,1,2.5018736902890937
2782,1,2.081806450513419
2783,1,6.157157468349143
2784,1,4.621068467936932
2785,1,8.07268189132837
2786,1,7.6276091307809875
2787,1,9.991409050264293
2788,1,4.652494277988755
2789,1,7.768312847878905
2790,1,0.4603706249823186
2791,1,4.2962418992168265
2792,1,5.741507190345178
2793,1,6.161016010197231
2794,1,7.074934465267378
2795,1,4.024893381000472
2796,1,4.426260870455488
2797,1,6.0039978537164895
2798,1,3.6216289933703822
2799,1,3.687546010779981
2800,1,5.1518923304815925
2801,1,3.3041723934066014
2802,1,6.180679404347355
2803,1,9.338492170559542
2804,1,4.279625961639356
2805,1,9.954740970095418
2806,1,8.77870394766812
2807,1,1.987666676706986
2808,1,2.6225281969549026
2809,1,3.2216189178289323
2810,1,8.873184159108632
2811,1,7.607498216824773
2812,1,4.468328713420855
2813,1,0.8376939392593988
2814,1,9.388580446005268
2815,1,5.77091157118712
2816,1,4.3255413116347485
2817,1,3.912102720470068
2818,1,4.443107597507644
2819,1,5.89042446656493
2820,1,5.448006816178568
2821,1,3.7309994326353135
2822,1,1.1632623322434945
2823,1,5.749402287195031
2824,1,2.6918345407995474
2825,1,4.57536651973024
2826,1,5.966752889262628
2827,1,4.504519649879754
2828,1,5.553641636746195
2829,1,5.320682724384236
2830,1,5.280828240042939
2831,1,4.424546690307077
2832,1,5.029487666440766
2833,1,5.816569886961943
2834,1,-2.1064837256321787
2835,1,6.559929971076686
2836,1,2.8994574457716373
2837,1,3.343252659401657
2838,1,3.756447775757453
2839,1,5.580825635127697
2840,1,0.5897400817069155
2841,1,6.872688667929364
2842,1,3.770799379770891
2843,1,2.943633277452645
2844,1,6.657340987713594
2845,1,6.623704835035443
2846,1,5.675881571638809
2847,1,2.662444591897814
2848,1,8.227839829070124
2849,1,-0.8506086536627718
2850,1,4.12536817814083
2851,1,-2.7421427127567446
2852,1,6.4049748653582
2853,1,2.8218333450047512
2854,1,7.325620292084345
2855,1,4.716946917167737
2856,1,5.355314767421174
2857,1,4.18931964662077
2858,1,7.173892751392381
2859,1,4.844846420767935
2860,1,2.2511350475823657
2861,1,6.220891381424385
2862,1,7.249153199555984
2863,1,3.5292211494944055
2864,1,5.049565120247931
2865,1,2.771265124461704
2866,1,2.403188967586803
2867,1,7.5575453108924595
2868,1,-0.10213601525136606
2869,1,2.1077999546177137
2870,1,8.891479893235973
2871,1,8.554342467972015
2872,1,-0.09172532317131832
2873,1,5.62838135884845
2874,1,1.5914735521061476
2875,1,7.2568969696859575
2876,1,5.5515166477993505
2877,1,4.135655287230205
2878,1,3.2649063297821237
2879,1,6.477762612868083
2880,1,2.058849211865539
2881,1,7.522667948248868
2882,1,9.469419987441645
2883,1,4.2390756902023945
2884,1,4.399741214060977
2885,1,7.985636160536341
2886,1,-1.9032797890999995
2887,1,3.04968461423895
2888,1,5.529454897195363
2889,1,-1.110088418823327
2890,1,5.1526468144509305
2891,1,-2.546416277303935
2892,1,3.2262284057221122
2893,1,1.8749578477689361
2894,1,4.379256641276983
2895,1,6.595986965294935
2896,1,3.0878038971911113
2897,1,2.679954510128577
2898,1,3.358320067101554
2899,1,4.398450822717789
2900,1,4.652515383262524
2901,1,1.9372205627348613
2902,1,8.25360166928582
2903,1,6.002604224298016
2904,1,2.666079183559436
2905,1,6.90680230780118
2906,1,6.91909105009948
2907,1,6.623938185363483
2908,1,10.116331240501658
2909,1,7.252852772177948
2910,1,1.394214444758032
2911,1,4.486157999150357
2912,1,3.376076829961223
2913,1,4.594239561296827
2914,1,2.6010713040860636
2915,1,6.487518663892917
2916,1,0.1586643936704063
2917,1,3.4989363531896127
2918,1,5.406246518581585
2919,1,2.1757664371614243
2920,1,8.07268189132837
2921,1,7.32162903272911
2922,1,4.240328173180831
2923,1,4.547164989407893
2924,1,1.9776514652588992
2925,1,4.691515730902573
2926,1,5.913731582483109
2927,1,4.9184147310803725
2928,1,4.763457744497261
2929,1,6.894383044715732
2930,1,6.193174845071901
2931,1,7.227215448579791
2932,1,5.410417443200329
2933,1,2.0974158607613216
2934,1,5.778782312060148
2935,1,6.073181161714788
2936,1,6.737116192389501
2937,1,2.472778416653931
2938,1,2.7916965492093917
2939,1,1.7210612573731865
2940,1,7.22568870505303
2941,1,8.990294404797062
2942,1,4.820907655058941
2943,1,6.39178847616993
2944,1,3.8312613038683945
2945,1,3.6893880047465726
2946,1,10.692961158489325
2947,1,7.668931943550957
2948,1,6.235537804388252
2949,1,5.610977903943829
2950,1,6.219946913338311
2951,1,3.210247917156247
2952,1,3.2356629870070224
2953,1,2.1942004536083304
2954,1,4.521224548275582
2955,1,7.258270001596503
2956,1,8.863635663912302
2957,1,5.656845122613078
2958,1,5.025775070911019
2959,1,5.101882634324694
2960,1,3.2691193665116085
2961,1,0.3952644871611005
2962,1,7.451241102813272
2963,1,5.585093210445578
2964,1,2.1217787874941796
2965,1,4.773261535611936
2966,1,4.776510338402796
2967,1,7.164481841557519
2968,1,6.096444789337259
2969,1,6.722307086239488
2970,1,8.19756638888377
2971,1,4.53696996813848
2972,1,1.0051771463833221
2973,1,4.994048563777015
2974,1,7.6932078390333505
2975,1,4.793579090874407
2976,1,1.7983733654039016
2977,1,3.018671358168791
2978,1,2.4312131453720736
2979,1,1.3184734308527464
2980,1,4.4099507582655075
2981,1,6.703413880266106
2982,1,3.8045662386113652
2983,1,4.305064027921866
2984,1,3.962426014441266
2985,1,5.8534448605398275
2986,1,8.231246951735313
2987,1,1.4606139300946377
2988,1,7.973704182386667
2989,1,2.34138808520094
2990,1,5.839979453963387
2991,1,6.25702667232877
2992,1,3.0902411070030245
2993,1,1.4080024413697534
2994,1,4.376504941466776
2995,1,4.572140711599582
2996,1,4.548381053951872
2997,1,4.042545212797519
2998,1,6.286910840340165
2999,1,7.771033130705673
3000,1,4.201977981082209
3001,1,5.917611791383957
3002,1,1.761136735612753
3003,1,5.5429396401885045
3004,1,5.825403534977366
3005,1,2.734098041769082
3006,1,4.681489909394985
3007,1,3.0819059688802435
3008,1,9.516544861205764
3009,1,6.2355380695931055
3010,1,6.464520089020924
3011,1,3.127409711674448
3012,1,3.5934431365317603
3013,1,5.582509590178258
3014,1,7.424867718721773
3015,1,7.339797085150284
3016,1,8.443791882430366
3017,1,3.81873133559539
3018,1,4.775951807638911
3019,1,2.7892471267137195
3020,1,2.323274841267869
3021,1,7.001341282353952
3022,1,6.027679882425886
3023,1,1.9044190077091825
3024,1,5.097802675065707
3025,1,5.560442316440607
3026,1,5.750417704326071
3027,1,9.286434070781727
3028,1,7.570544693967475
3029,1,4.399680655806854
3030,1,7.645421857172879
3031,1,7.7211220712873025
3032,1,6.095270712389155
3033,1,8.621546907182415
3034,1,6.847537956872655
3035,1,5.782431864164668
3036,1,4.237060517734258
3037,1,7.829619006262391
3038,1,8.325143470394554
3039,1,3.753327856892058
3040,1,5.708502392278972
3041,1,4.1811130211914636
3042,1,6.649451329898785
3043,1,9.029668433465542
3044,1,7.783554021151822
3045,1,6.637102866085852
3046,1,5.752958217283636
3047,1,3.306354492115282
3048,1,9.502859796253345
3049,1,6.0744294229674605
3050,1,6.4506129772316525
3051,1,5.886211508821429
3052,1,1.2875668523260493
3053,1,2.1067871484940537
3054,1,8.929189157880094
3055,1,2.3271371588778647
3056,1,2.704703636756893
3057,1,2.899331507129531
3058,1,7.728882153587426
3059,1,6.904502981702869
3060,1,4.6011515025037095
3061,1,1.4834484323579415
3062,1,8.799560999049138
3063,1,4.940944932255812
3064,1,7.10622833300449
3065,1,-0.4850601752643102
3066,1,7.196170128281104
3067,1,11.230234178154607
3068,1,3.626370700696729
3069,1,6.632251163108954
3070,1,5.479739400931813
3071,1,3.3135830614187225
3072,1,1.8876806271572568
3073,1,2.468772473765037
3074,1,10.387517837217256
3075,1,3.6858759743870055
3076,1,4.8963340121176815
3077,1,7.374655333828748
3078,1,2.0082780131584066
3079,1,5.58413455118503
3080,1,2.0940936686475164
3081,1,7.385651971503986
3082,1,4.028244627104625
3083,1,6.026818747309418
3084,1,6.140110939802259
3085,1,8.282789422748783
3086,1,4.552081893101416
3087,1,7.155121866858387
3088,1,0.29807707005961637
3089,1,6.822947709897557
3090,1,1.8978166373572916
3091,1,3.8710760179136128
3092,1,7.157376864238413
3093,1,7.333863068627167
3094,1,2.2885554736721896
3095,1,4.727523037113287
3096,1,3.2528891873432535
3097,1,1.3193993871475658
3098,1,7.9423680375937025
3099,1,6.052842287755822
3100,1,3.70673549228663
3101,1,6.760180316004617
3102,1,7.874704053176513
3103,1,8.173592079502
3104,1,0.45624766458258625
3105,1,7.011269634837927
3106,1,6.285589760082595
3107,1,4.552232592060433
3108,1,10.11526406554901
3109,1,4.568081480072755
3110,1,8.242598506904745
3111,1,5.633756202686658
3112,1,3.620586807561471
3113,1,1.9375684246520688
3114,1,4.304435331984124
3115,1,5.215675196240927
3116,1,2.8561193747408997
3117,1,6.282081103942977
3118,1,4.70232901887905
3119,1,7.00262537953536
3120,1,6.451966563567916
3121,1,7.185279888130405
3122,1,3.312731103685785
3123,1,6.13840145329271
3124,1,1.6238244186437418
3125,1,7.93526330967657
3126,1,3.3860822903501053
3127,1,8.63093239258201
3128,1,3.4387520626550576
3129,1,4.365325804695236
3130,1,6.864767401194605
3131,1,7.109510127181324
3132,1,5.241453699371086
3133,1,5.335257167516963
3134,1,6.628199776406721
3135,1,6.769467950450892
3136,1,5.100372380201853
3137,1,3.0895231679302055
3138,1,8.58935566166387
3139,1,4.3221107830864955
3140,1,7.362120339040047
3141,1,4.767206389222276
3142,1,0.6990332573931651
3143,1,5.37880109509252
3144,1,5.897058300413368
3145,1,7.0721727414919755
3146,1,7.042032672084492
3147,1,2.920389226885515
3148,1,2.3823574852657354
3149,1,5.317687789506552
3150,1,7.972884249520144
3151,1,3.3390364029076633
3152,1,4.69271041976058
3153,1,7.50738160562492
3154,1,2.4537108643195036
3155,1,2.8632252451955305
3156,1,5.499690504137453
3157,1,5.7747912713583185
3158,1,1.5790192209065315
3159,1,5.4184675384044105
3160,1,4.382481971602084
3161,1,4.498523272416992
3162,1,8.508557767987778
3163,1,4.4945309439220695
3164,1,3.0154254864381147
3165,1,3.958185935931366
3166,1,6.521889591672449
3167,1,2.7415590117902977
3168,1,2.7469739479869144
3169,1,4.462984187545291
3170,1,11.351642127644299
3171,1,4.530232745617713
3172,1,2.802590193011897
3173,1,3.655222666637577
3174,1,3.9140560310420685
3175,1,6.078591083889543
3176,1,3.702030449269768
3177,1,6.419636040249289
3178,1,4.5732333370817555
3179,1,2.0159138369240033
3180,1,4.156974597010643
3181,1,5.290661481940898
3182,1,4.887506408853565
3183,1,5.603829022084952
3184,1,6.467082464686912
3185,1,6.885624530293128
3186,1,4.347658718373598
3187,1,1.8066428619258863
3188,1,3.4963692777570716
3189,1,6.514635952679015
3190,1,7.955039335370781
3191,1,7.852889834002896
3192,1,5.965656179612284
3193,1,-0.22457178989159632
3194,1,3.092643673509422
3195,1,3.5767248588612754
3196,1,7.885512818600061
3197,1,0.8680752780113016
3198,1,6.449676084550558
3199,1,6.512807301048151
3200,1,7.24563025543211
3201,1,4.558247022849861
3202,1,5.126914888964928
3203,1,10.73638105216779
3204,1,7.00153673405421
3205,1,3.7532280509325715
3206,1,5.197873768603273
3207,1,6.5476920302687605
3208,1,6.304602463730514
3209,1,6.748787577135308
3210,1,2.0399888863123343
3211,1,4.459965175445837
3212,1,2.9502160665117714
3213,1,3.589837666488855
3214,1,6.84825113696673
3215,1,4.521004718629553
3216,1,3.3787400624083364
3217,1,4.646948275164237
3218,1,2.2045491380935043
3219,1,7.049098703018372
3220,1,3.4753720250125055
3221,1,3.812552183368602
3222,1,5.1317586113262985
3223,1,4.174499710019398
3224,1,0.6309760198966435
3225,1,6.295509303988688
3226,1,4.45819462064544
3227,1,6.92249813851639
3228,1,5.977675300725523
3229,1,5.602819340201038
3230,1,6.0902953698280715
3231,1,10.520160017707259
3232,1,8.524539533395991
3233,1,5.085667667229727
3234,1,7.745684988502758
3235,1,3.4021177489379073
3236,1,4.43853383827877
3237,1,4.186268535823677
3238,1,8.834118065615597
3239,1,6.586115230015918
3240,1,10.255906087558518
3241,1,1.7926595332214128
3242,1,6.205167234149721
3243,1,7.638350858381292
3244,1,6.7013586958757445
3245,1,3.7423446586486926
3246,1,2.134699706766509
3247,1,5.032864682502632
3248,1,9.312907741983455
3249,1,4.551872234532113
3250,1,2.911696337567665
3251,1,5.474315629512084
3252,1,2.9169488748487624
3253,1,6.119979800414296
3254,1,7.051644610691571
3255,1,0.9244392897096158
3256,1,6.593162561023667
3257,1,4.029232580322764
3258,1,5.497142912598519
3259,1,7.630050604532194
3260,1,8.34166656376055
3261,1,10.559593209234755
3262,1,6.271790782528699
3263,1,8.49141968921928
3264,1,7.830418733409067
3265,1,7.818478672858143
3266,1,6.4937639427280685
3267,1,4.513468116667572
3268,1,7.6372055557232486
3269,1,6.842009286250168
3270,1,4.73063041463649
3271,1,3.6405050114951387
3272,1,4.682220657744731
3273,1,10.219848378669026
3274,1,7.73262615439328
3275,1,4.00943945226332
3276,1,5.036293136113064
3277,1,4.5698120955690635
3278,1,3.691095555708278
3279,1,7.095523049891517
3280,1,8.88150489689433
3281,1,3.3070740207803335
3282,1,6.326521215071548
3283,1,5.348497092229672
3284,1,3.436324616574337
3285,1,8.795541983247395
3286,1,3.847219728407652
3287,1,2.6889570218850225
3288,1,6.539434098413258
3289,1,8.056142277624797
3290,1,5.9387859615980965
3291,1,5.897238660825227
3292,1,5.3468012186439555
3293,1,3.970176681852798
3294,1,5.679036405809713
3295,1,2.2609892572186885
3296,1,4.398341860837748
3297,1,4.701866808178443
3298,1,3.9190668966777573
3299,1,8.017088555117667
3300,1,8.77681623278292
3301,1,6.618796652600399
3302,1,8.781851356186499
3303,1,6.995382689336417
3304,1,2.4884110130159813
3305,1,6.86215046123626
3306,1,11.033437709004573
3307,1,11.75910364149777
3308,1,6.066422509027287
3309,1,3.2897606472172414
3310,1,6.260744491315649
3311,1,1.3886473526908127
3312,1,7.355810473856815
3313,1,5.545978544614696
3314,1,6.742770360431491
3315,1,7.240914779195718
3316,1,8.222187804614657
3317,1,8.903865900215521
3318,1,5.916878074766686
3319,1,6.38458559928558
3320,1,7.3862649462154035
3321,1,4.60634696837615
3322,1,7.37455620394827
3323,1,1.803181405407762
3324,1,5.705264940895453
3325,1,5.51922822123635
3326,1,6.617205774396437
3327,1,1.3509099951602743
3328,1,6.2864454500321525
3329,1,5.367185121376078
3330,1,7.756843632000564
3331,1,7.599587227408577
3332,1,4.57934303981199
3333,1,1.917671761149648
3334,1,3.8132627904975203
3335,1,7.565473113855662
3336,1,5.946510447268129
3337,1,4.640747627818159
3338,1,4.577154764310608
3339,1,3.2835862668752043
3340,1,7.99879869009073
3341,1,6.453421840806986
3342,1,4.860553603769645
3343,1,5.9306944168756575
3344,1,7.174648797577667
3345,1,4.406022931432509
3346,1,4.9759429732499525
3347,1,7.370731242037605
3348,1,6.249207968401
3349,1,3.353787962374039
3350,1,5.18453852289306
3351,1,6.448869892335627
3352,1,4.412690607806505
3353,1,4.925032572323996
3354,1,4.570283102979019
3355,1,5.12101068049104
3356,1,3.612404634271709
3357,1,1.157648994988222
3358,1,3.961779616088777
3359,1,4.994787463571138
3360,1,4.017083918939516
3361,1,6.532215636395202
3362,1,5.032427763708017
3363,1,10.793053496583347
3364,1,7.2001145308811925
3365,1,4.507159493335225
3366,1,7.109515240223401
3367,1,6.429303570735387
3368,1,6.16601823817951
3369,1,3.812506065948386
3370,1,6.0463261768507
3371,1,3.8818987579276407
3372,1,5.592297502675934
3373,1,6.274333231130045
3374,1,3.0357039228691867
3375,1,6.397253227872233
3376,1,3.7169170809310894
3377,1,4.338045067482136
3378,1,5.4211440083120195
3379,1,7.431175922216369
3380,1,8.83165326224707
3381,1,6.378755563063543
3382,1,7.4648026796629114
3383,1,2.3878717043971567
3384,1,8.783999153705087
3385,1,1.332266351741339
3386,1,8.815841944325822
3387,1,5.523989791478637
3388,1,5.587445028515048
3389,1,3.729066485583204
3390,1,13.570013296195677
3391,1,-0.5493434655240114
3392,1,6.1384786225167485
3393,1,2.4934667312469405
3394,1,6.3425979063447135
3395,1,0.057788559825546204
3396,1,4.323559103524326
3397,1,5.480255654404549
3398,1,7.2609023915453
3399,1,1.4790866640469997
3400,1,6.568531577536249
3401,1,5.484013161833744
3402,1,3.847739086989671
3403,1,3.7356074389520644
3404,1,7.39521804233612
3405,1,4.679443783119229
3406,1,5.23854547327986
3407,1,3.1463464659620013
3408,1,3.980572679665666
3409,1,6.737703368352101
3410,1,0.34329367255683263
3411,1,7.925829007328778
3412,1,0.762293586567392
3413,1,8.461298383015057
3414,1,4.158539153221907
3415,1,4.247723559649745
3416,1,6.464161039202033
3417,1,6.483801213426845
3418,1,4.386982180584946
3419,1,3.0737277761491257
3420,1,3.179288012156412
3421,1,6.053830375118385
3422,1,6.822780451148691
3423,1,5.082329871970632
3424,1,5.365195316446855
3425,1,10.772490267454636
3426,1,5.308218466221621
3427,1,4.630552886660572
3428,1,7.367642065562029
3429,1,0.8686803153238626
3430,1,3.0994981581741725
3431,1,6.9293554903295265
3432,1,6.399908566036246
3433,1,7.652395233999918
3434,1,6.5670618014139155
3435,1,10.189825130586161
3436,1,3.168670928628126
3437,1,6.473021296965113
3438,1,2.217814959687087
3439,1,7.625953899017974
3440,1,9.533332585796582
3441,1,4.550722361499488
3442,1,6.7414000794831646
3443,1,7.992077987429754
3444,1,6.9256961913419826
3445,1,4.687438179531127
3446,1,7.6217125312503775
3447,1,2.5411405750670357
3448,1,8.020186773452258
3449,1,4.036640636473049
3450,1,7.447340752654572
3451,1,4.8303488794448715
3452,1,2.6637998220985493
3453,1,1.9338351942326697
3454,1,3.184874198894766
3455,1,3.9615101293055246
3456,1,7.7276105376206665
3457,1,2.765062397369328
3458,1,11.408494175756282
3459,1,6.575682164736475
3460,1,5.263910410837758
3461,1,5.194592060396451
3462,1,8.658513323386678
3463,1,4.735851206961465
3464,1,10.923958133403449
3465,1,7.970293887742093
3466,1,2.42562651360289
3467,1,1.5153106826699854
3468,1,6.659542211586944
3469,1,8.034746836938476
3470,1,8.841755127353203
3471,1,3.2963147853166563
3472,1,9.299761225019152
3473,1,7.477800636525549
3474,1,9.2989325871613
3475,1,8.85596733557449
3476,1,3.3508852429732765
3477,1,7.207089098416084
3478,1,7.526723358023787
3479,1,6.897497879944629
3480,1,2.9016012828778934
3481,1,6.022000785864235
3482,1,5.112857165479833
3483,1,5.216067848991223
3484,1,6.523445668000874
3485,1,6.977618606013344
3486,1,8.348382563921977
3487,1,8.490974348452076
3488,1,4.707997767670652
3489,1,4.096238270862014
3490,1,5.239320775740717
3491,1,5.3045458916738415
3492,1,6.218919036224218
3493,1,7.7087623666417056
3494,1,8.890124823393833
3495,1,5.668582662235612
3496,1,3.245442394852493
3497,1,4.09856475658561
3498,1,5.7925672582808865
3499,1,4.449405995071638
3500,1,4.931315026775661
3501,1,8.611136063242675
3502,1,8.01790182479151
3503,1,7.494510715082994
3504,1,1.99403034079622
3505,1,4.396839913575342
3506,1,4.238374264603636
3507,1,0.5800289636512675
3508,1,3.5684764555422874
3509,1,4.151942853135028
3510,1,-0.3311102565675521
3511,1,4.7894993640219985
3512,1,9.896856855713168
3513,1,8.070469667601715
3514,1,9.716045097899574
3515,1,6.968063940815484
3516,1,5.296889206609641
3517,1,7.641578138074861
3518,1,7.306652289202233
3519,1,6.358501107080738
3520,1,5.278913842915683
3521,1,6.905194917299893
3522,1,6.717107121379222
3523,1,4.356097194212459
3524,1,1.814833603444105
3525,1,6.19436699341337
3526,1,3.374217814133575
3527,1,6.3793804604660584
3528,1,7.271774721832568
3529,1,5.873363601323361
3530,1,8.460953346725661
3531,1,6.10248442866932
3532,1,7.133307162401968
3533,1,6.428769949569759
3534,1,5.4783074904729805
3535,1,3.7822486856307047
3536,1,5.717604367816253
3537,1,10.50501861895289
3538,1,5.270680612659133
3539,1,3.1915133439974697
3540,1,4.431786795298359
3541,1,3.2827858780851975
3542,1,5.330723839662155
3543,1,10.747276977015204
3544,1,-1.610472008572292
3545,1,3.4420779125943617
3546,1,4.108000622346019
3547,1,0.9593582898578373
3548,1,6.171421908101341
3549,1,6.634499751448797
3550,1,6.770243555945456
3551,1,0.46116184373361946
3552,1,5.658007038142003
3553,1,2.051662706835495
3554,1,4.296457264038735
3555,1,8.236311660438172
3556,1,7.612300295922214
3557,1,10.430647498192412
3558,1,7.3318116525577075
3559,1,3.092557456693712
3560,1,8.437599648314182
3561,1,3.708364946747827
