index,source,label,score
0,human,0,-3.896178282411893
1,human,0,-0.7566091912241153
2,human,0,-0.15155736375787476
3,human,0,-3.5507946366138015
4,human,0,-3.8349902137899
5,human,0,-2.4173279265515646
6,human,0,1.0870117490013858
7,human,0,-4.284782684604453
8,human,0,-4.494293832076752
9,human,0,-2.162210572855187
10,human,0,-2.3995732546143262
11,human,0,-2.037211448614848
12,human,0,-1.1835416224578479
13,human,0,-3.7487802953429634
14,human,0,-4.180073514265161
15,human,0,-4.95749266264955
16,human,0,-4.2536946057456
17,human,0,-1.5978967989074142
18,human,0,-5.400704479639918
19,human,0,-0.8254258733767974
20,human,0,-2.8419357886436556
21,human,0,-6.02616860829195
22,human,0,-3.6183966690845537
23,human,0,-4.627395981060525
24,human,0,-3.078610393469144
25,human,0,-0.05774837108080422
26,human,0,0.3395599233336124
27,human,0,-2.6500910673137
28,human,0,-3.1428206735208146
29,human,0,-3.5987405301807343
30,human,0,-6.3220750034216024
31,human,0,-3.998674602694173
32,human,0,1.7854618439014718
33,human,0,0.29434394330106184
34,human,0,-3.3783257240276
35,human,0,-1.1509617102265461
36,human,0,-5.447963379451447
37,human,0,-1.8560901126918283
38,human,0,-1.9850763671260856
39,human,0,-1.7285364590078964
40,human,0,-1.6649118722745693
41,human,0,-2.859547213782938
42,human,0,-1.7955486821992122
43,human,0,-4.666013531111792
44,human,0,-4.975545910107885
45,human,0,-3.8233869202040376
46,human,0,-7.847764916624439
47,human,0,-2.808978443451452
48,human,0,-3.66194614150339
49,human,0,-5.272444167731965
50,human,0,-3.4775427052005483
51,human,0,-2.68186465175779
52,human,0,-6.121374923575074
53,human,0,-6.174588066662938
54,human,0,-6.565743161439616
55,human,0,-4.397345683610407
56,human,0,-2.656620327421872
57,human,0,-3.9934301251995485
58,human,0,-2.1369345344062767
59,human,0,-3.0870042723555535
60,human,0,-3.6154601566254323
61,human,0,-1.1429983546130182
62,human,0,0.42975481273392635
63,human,0,0.8904395581600622
64,human,0,-1.8209819119673352
65,human,0,-1.3031220590182975
66,human,0,-2.222276985104167
67,human,0,-4.330838871247674
68,human,0,-5.4309993671350085
69,human,0,-4.834085076701455
70,human,0,-6.743913144612689
71,human,0,-1.9585606587178557
72,human,0,-2.9615332850693354
73,human,0,-2.0244813405824775
74,human,0,-7.9264181899370545
75,human,0,-6.375891716345174
76,human,0,-4.7281249429553
77,human,0,-0.32289042466101314
78,human,0,-5.138232350028076
79,human,0,-0.882715585059707
80,human,0,-3.0772267965514475
81,human,0,-7.225598828240481
82,human,0,-2.0660489313821895
83,human,0,-3.8936725193980672
84,human,0,-5.752987750350553
85,human,0,-2.0446613813860597
86,human,0,-2.093946966615511
87,human,0,-7.861492699678055
88,human,0,-5.193065343679335
89,human,0,-0.749910892840765
90,human,0,-5.935328361493562
91,human,0,-1.3178259767488376
92,human,0,-3.746725942838359
93,human,0,-3.3756781027946303
94,human,0,-6.388706332076251
95,human,0,-5.547012589994831
96,human,0,-4.521029442621034
97,human,0,-2.5874907328406307
98,human,0,-3.017472390849605
99,human,0,-4.454770617210469
100,human,0,0.8408661632343197
101,human,0,-1.9736096317955418
102,human,0,-2.6925631146072124
103,human,0,-2.222162531047311
104,human,0,-0.15928047858037891
105,human,0,-6.87724437551828
106,human,0,0.8495028483274192
107,human,0,-2.9766422357902087
108,human,0,-2.6863706883601344
109,human,0,-1.6652318075896482
110,human,0,-1.8403547324958582
111,human,0,-5.030648654317747
112,human,0,-2.7491318551983994
113,human,0,-2.631231936440755
114,human,0,-5.3961671685758255
115,human,0,-2.361643240134537
116,human,0,-2.0569792697423677
117,human,0,-3.628028272140396
118,human,0,-0.9285688366261993
119,human,0,-6.799034613927782
120,human,0,-3.1019870289843947
121,human,0,-2.2949461216186933
122,human,0,-5.636117078085586
123,human,0,-2.7930201984593825
124,human,0,-4.526977015867999
125,human,0,-5.862320824266485
126,human,0,-3.661985503303991
127,human,0,-5.0815330437676085
128,human,0,-5.558465645098884
129,human,0,-6.394384080667023
130,human,0,-2.1134668054442667
131,human,0,-1.9729525621142474
132,human,0,-4.586076526468266
133,human,0,-6.027854215792953
134,human,0,-1.5940210677932696
135,human,0,-4.19536126650717
136,human,0,-5.290595197099011
137,human,0,0.12502824235037857
138,human,0,-5.5419402756604
139,human,0,-1.9534964590539166
140,human,0,-4.91695621097588
141,human,0,-6.602042256524084
142,human,0,-8.506056374517014
143,human,0,-3.616899791447178
144,human,0,-6.181359342954559
145,human,0,-1.570588223452342
146,human,0,-3.1187516535080366
147,human,0,-4.8364561911402735
148,human,0,-2.461899493519362
149,human,0,-4.255680405262228
150,human,0,-1.9905860493098795
151,human,0,-3.608167067633163
152,human,0,-3.493327972452269
153,human,0,-1.6807040108215145
154,human,0,-3.598118933614682
155,human,0,-1.3720157377405566
156,human,0,-1.634555843396011
157,human,0,-3.979273079270204
158,human,0,-0.910623291998659
159,human,0,-2.310848820206317
160,human,0,-4.81713562042066
161,human,0,-3.26551026812039
162,human,0,-3.72689511549014
163,human,0,-3.200060513294078
164,human,0,-3.7488803241797237
165,human,0,0.7258428676862104
166,human,0,-1.50415465482998
167,human,0,-4.498490600415621
168,human,0,-4.2643558241665405
169,human,0,-4.067665670996269
170,human,0,-6.063504460383446
171,human,0,-2.4630128674894625
172,human,0,-4.041505821747897
173,human,0,-1.5417217689498355
174,human,0,-1.3521790122491673
175,human,0,-5.68428786890716
176,human,0,-0.01658601858637143
177,human,0,-4.005163647950272
178,human,0,-0.6822273895102646
179,human,0,-0.08838102018905022
180,human,0,-5.927272530065922
181,human,0,-7.099772955539065
182,human,0,-5.287462799227593
183,human,0,-3.4474462052448525
184,human,0,-1.7668636288119508
185,human,0,-1.2496578293983005
186,human,0,-3.6147818488488817
187,human,0,-3.0055175809692365
188,human,0,-4.406388633402466
189,human,0,-6.572999020806436
190,human,0,-5.786676660626589
191,human,0,-6.740052299793383
192,human,0,-5.345635675656735
193,human,0,-3.8006236766931814
194,human,0,-0.14140949013848136
195,human,0,-1.3527306228526228
196,human,0,-2.951035953342325
197,human,0,-3.800220085728352
198,human,0,-3.9883995683772273
199,human,0,-3.2186812011975467
200,human,0,-3.782113808388609
201,human,0,-4.416050630959444
202,human,0,-3.6446740087997247
203,human,0,-7.271095424586572
204,human,0,-1.9982836013907537
205,human,0,-3.8565628723874044
206,human,0,-6.114239084301397
207,human,0,-2.300081005924528
208,human,0,-2.8002937143501585
209,human,0,-7.073284676918165
210,human,0,-1.1754387232151517
211,human,0,-1.5703169083696225
212,human,0,-1.106101395939222
213,human,0,-0.38279044579359306
214,human,0,0.8997776847326786
215,human,0,-4.1036681423651435
216,human,0,-4.54393891711956
217,human,0,-1.1425051228115999
218,human,0,-2.840141663911261
219,human,0,-7.717575379733633
220,human,0,-4.667499110380777
221,human,0,-2.620324445938107
222,human,0,-2.0486676224648503
223,human,0,-6.450268658059574
224,human,0,-4.635944141804918
225,human,0,1.1976521778122444
226,human,0,-4.39170833505721
227,human,0,-1.6427632904177556
228,human,0,-3.1356136464396895
229,human,0,-5.949580774445532
230,human,0,-2.219949613020787
231,human,0,-3.257182103833908
232,human,0,-3.4679157176050035
233,human,0,-2.084971513663464
234,human,0,-4.90000989856847
235,human,0,-3.95654541019322
236,human,0,0.8748315546196244
237,human,0,-4.132347159454052
238,human,0,-0.42480679486545114
239,human,0,-3.864172148875964
240,human,0,-6.604372865634942
241,human,0,-3.5817247792930065
242,human,0,-6.796470987839656
243,human,0,1.26083701698064
244,human,0,-0.433213014298283
245,human,0,-5.421888754955658
246,human,0,-7.320772977428263
247,human,0,0.354582597438866
248,human,0,-4.548365772424752
249,human,0,-4.88012502620022
250,human,0,-3.4823564935948736
251,human,0,-0.6056182363956791
252,human,0,-4.216478875629071
253,human,0,-3.5673330922555406
254,human,0,-1.6166193597204683
255,human,0,-5.337086604403792
256,human,0,-2.888832098936409
257,human,0,-3.3324655192413157
258,human,0,-7.05920122968592
259,human,0,-2.3751133581360566
260,human,0,-1.3919052014757212
261,human,0,-5.99001661563926
262,human,0,-3.922540289202579
263,human,0,-6.274848646701558
264,human,0,-1.4560148001049704
265,human,0,-2.3664803126599834
266,human,0,-1.4495215359134512
267,human,0,-5.469302048316814
268,human,0,-3.2289358100641206
269,human,0,-3.3448593555983726
270,human,0,-2.7402978026712805
271,human,0,-3.5426032323725805
272,human,0,-5.026824242577713
273,human,0,-5.141394498023833
274,human,0,-1.7874490174508457
275,human,0,-2.555193768546168
276,human,0,-0.6144666636202749
277,human,0,-4.363275041749193
278,human,0,-0.5828095483076744
279,human,0,-2.946040420776032
280,human,0,-3.951002724142991
281,human,0,-4.241560734417197
282,human,0,-6.493160486391026
283,human,0,-0.9080665992458802
284,human,0,-5.5479892845485015
285,human,0,-5.060750972752693
286,human,0,-3.034666751687297
287,human,0,-4.852037610964413
288,human,0,-5.05890508779538
289,human,0,-0.39976929940072714
290,human,0,-1.648633949027148
291,human,0,-2.7303364828173944
292,human,0,-1.4774040815225036
293,human,0,-1.8612357819447565
294,human,0,-7.623206672958476
295,human,0,-6.511453039769171
296,human,0,-1.0162458400576255
297,human,0,1.4692156941175198
298,human,0,-2.07454661655264
299,human,0,-4.532354448231296
300,human,0,-3.661955306980193
301,human,0,-2.6148304003288123
302,human,0,-4.949242318098684
303,human,0,-2.9117182840200684
304,human,0,-0.5991863430595543
305,human,0,-0.2704409337997393
306,human,0,-0.1647355620753792
307,human,0,-5.010097961676473
308,human,0,-2.3052467284854776
309,human,0,-2.734075839884534
310,human,0,-2.5280619578937813
311,human,0,-5.716289107975005
312,human,0,-2.6319772203024794
313,human,0,-5.184809734404939
314,human,0,-3.3128368681246814
315,human,0,-0.6382787193920068
316,human,0,0.6991936214410894
317,human,0,-6.40647629552132
318,human,0,-1.2592017848298223
319,human,0,-4.026207144895941
320,human,0,-5.169836131820486
321,human,0,-4.563286607264453
322,human,0,-4.363484943650059
323,human,0,-5.000905394681808
324,human,0,-4.5340000446511235
325,human,0,-1.9773994468199512
326,human,0,-3.6143478903497837
327,human,0,-3.8731016936029894
328,human,0,2.008126216200668
329,human,0,-0.3086294218447005
330,human,0,-4.064286152583424
331,human,0,-1.072751925364693
332,human,0,-4.996715596188792
333,human,0,-5.619493816946269
334,human,0,-7.5095266059940995
335,human,0,1.9176040731127018
336,human,0,0.8383970479400855
337,human,0,-5.945850541255091
338,human,0,-3.90359490958794
339,human,0,-4.626205976613416
340,human,0,-10.3856459700413
341,human,0,-2.3311630970094877
342,human,0,-6.221562930165811
343,human,0,-6.683819235169068
344,human,0,-2.820860920342927
345,human,0,-6.7798348230347365
346,human,0,-3.0367076762567295
347,human,0,-5.063886332230468
348,human,0,-6.8035369613589785
349,human,0,-4.660094114908617
350,human,0,-4.229094222344867
351,human,0,-4.434056445195944
352,human,0,0.706981211413984
353,human,0,-3.681681622775047
354,human,0,-3.691388872113107
355,human,0,-1.9589049432270829
356,human,0,-4.581017039093899
357,human,0,-7.321383528892536
358,human,0,-6.217057000613863
359,human,0,-4.459377435131153
360,human,0,-2.8339633827154636
361,human,0,2.032332974807881
362,human,0,-3.278049101805225
363,human,0,-2.739945310837065
364,human,0,-0.15317801090325744
365,human,0,-5.060399144279752
366,human,0,-5.755776159907004
367,human,0,-5.107273676038819
368,human,0,-2.341441885353376
369,human,0,-3.4552660056406346
370,human,0,-3.119160060749288
371,human,0,-5.5320724314386025
372,human,0,-4.9054841689941515
373,human,0,-5.862967544347576
374,human,0,-3.625941819171774
375,human,0,-3.0361424506488204
376,human,0,2.8794071127847545
377,human,0,-6.138820016528584
378,human,0,-3.9663573694160705
379,human,0,-4.229655086733657
380,human,0,0.623992835040888
381,human,0,-0.37710924186370043
382,human,0,-3.9978417945207845
383,human,0,-6.1284058153446965
384,human,0,-4.617764951961293
385,human,0,-3.456564168707196
386,human,0,-4.053555567622637
387,human,0,1.3704545433584194
388,human,0,-2.0518445190052366
389,human,0,-4.766632801248392
390,human,0,-4.570691359994399
391,human,0,-6.3984118842851565
392,human,0,-0.9179685737906751
393,human,0,-2.328224676195914
394,human,0,-2.894399928176176
395,human,0,-0.5480162311570869
396,human,0,-5.657605494117751
397,human,0,-5.537090629204297
398,human,0,-1.155426792024795
399,human,0,-0.9985969820514323
400,human,0,-2.6850357833081855
401,human,0,-0.7496153428918125
402,human,0,-2.3159952741432477
403,human,0,1.1760360174138778
404,human,0,-2.13504535463178
405,human,0,-4.612684524629099
406,human,0,-1.0318917130336671
407,human,0,-3.0106184482777127
408,human,0,-1.5435551577011164
409,human,0,-7.44513138062691
410,human,0,-5.23988707893428
411,human,0,-6.099602061722173
412,human,0,-2.173169043839142
413,human,0,-4.922882501352399
414,human,0,-3.5027371985663533
415,human,0,-4.742716618147525
416,human,0,-4.159279014685162
417,human,0,-6.131779128602034
418,human,0,-5.843907659679248
419,human,0,-3.6301844862104886
420,human,0,-6.96204952268146
421,human,0,-2.987997871060357
2513,yi,1,8.45366389376019
2514,yi,1,4.842906364024618
2515,yi,1,5.322795650627443
2516,yi,1,4.8824135747937705
2517,yi,1,0.5780169113438232
2518,yi,1,8.74071700233973
2519,yi,1,5.84136985310218
2520,yi,1,4.408865331322419
2521,yi,1,1.0005475660583223
2522,yi,1,0.9562878834055026
2523,yi,1,4.6629618969117965
2524,yi,1,3.96988621988515
2525,yi,1,3.7665400253628336
2526,yi,1,4.182618856356752
2527,yi,1,7.081171790626449
2528,yi,1,5.393979568226993
2529,yi,1,1.9403193720832819
2530,yi,1,6.29997889358216
2531,yi,1,5.78110337119828
2532,yi,1,3.574228452537538
2533,yi,1,4.174203644800501
2534,yi,1,4.994954706303526
2535,yi,1,4.894238483875516
2536,yi,1,5.489239639506597
2537,yi,1,-0.21449364526512413
2538,yi,1,4.156164569962114
2539,yi,1,5.612269141944204
2540,yi,1,4.987916789506874
2541,yi,1,1.655930927626015
2542,yi,1,4.326182659455308
2543,yi,1,5.3009449540109825
2544,yi,1,6.595250916171297
2545,yi,1,6.398528147654127
2546,yi,1,7.365956679737232
2547,yi,1,3.149572700203821
2548,yi,1,4.68210093974851
2549,yi,1,1.5952096300329723
2550,yi,1,6.433376825410061
2551,yi,1,6.033093859023063
2552,yi,1,6.153387792307886
2553,yi,1,3.8750495208927678
2554,yi,1,4.090436683028147
2555,yi,1,5.56836767228235
2556,yi,1,4.262129913560467
2557,yi,1,3.5302287067472085
2558,yi,1,3.2064900159414087
2559,yi,1,3.928605357123222
2560,yi,1,4.466579669720372
2561,yi,1,4.070188282446496
2562,yi,1,4.0821881441452055
2563,yi,1,7.039752723454403
2564,yi,1,4.492069034911693
2565,yi,1,2.052456046306549
2566,yi,1,4.300403321504355
2567,yi,1,0.4072481782950488
2568,yi,1,4.893790337074925
2569,yi,1,7.448524938860678
2570,yi,1,4.67447549165718
2571,yi,1,2.808480389883109
2572,yi,1,5.284006162757516
2573,yi,1,2.26754543673103
2574,yi,1,4.85009017103416
2575,yi,1,4.931961917342362
2576,yi,1,4.548633475227157
2577,yi,1,5.309589890620126
2578,yi,1,7.971320193460012
2579,yi,1,7.383850090482642
2580,yi,1,7.326160224337233
2581,yi,1,5.541092411753205
2582,yi,1,5.495499595014762
2583,yi,1,4.735585247661713
2584,yi,1,3.799143748008185
2585,yi,1,4.843343370007616
2586,yi,1,6.1181339878102925
2587,yi,1,2.747766875479332
2588,yi,1,2.7731288298997177
2589,yi,1,6.7089827085141485
2590,yi,1,4.603453529342898
2591,yi,1,2.2832153567944555
2592,yi,1,1.9968944790446292
2593,yi,1,6.0507127904998255
2594,yi,1,7.075947553464065
2595,yi,1,2.1168021773620778
2596,yi,1,2.8206794009948046
2597,yi,1,6.14792010920549
2598,yi,1,3.3016053712303295
2599,yi,1,2.519768133398749
2600,yi,1,4.151023868634996
2601,yi,1,5.9553722118867825
2602,yi,1,5.8669035126023115
2603,yi,1,8.648328631464333
2604,yi,1,5.492031049597649
2605,yi,1,4.480457547268571
2606,yi,1,3.464930041720171
2607,yi,1,4.648144678446266
2608,yi,1,5.776902697946959
2609,yi,1,5.3565339114738455
2610,yi,1,7.628638126806015
2611,yi,1,7.94654484371308
2612,yi,1,4.913275847182887
2613,yi,1,7.941365815601588
2614,yi,1,4.105345644482712
2615,yi,1,2.6533660141587214
2616,yi,1,4.8933340421098865
2617,yi,1,3.665498268449281
2618,yi,1,3.6457057456494466
2619,yi,1,6.033180460038347
2620,yi,1,1.9891428527916417
2621,yi,1,9.27221725196314
2622,yi,1,10.105633240168887
2623,yi,1,5.8128725714943
2624,yi,1,2.8031331086622258
2625,yi,1,3.1135350057059537
2626,yi,1,3.7147398709965724
2627,yi,1,6.3413506402547695
2628,yi,1,4.839691222056033
2629,yi,1,0.9368953399216937
2630,yi,1,4.9729715464282
2631,yi,1,4.788141115803521
2632,yi,1,1.3349104094043662
2633,yi,1,10.123099762148952
2634,yi,1,6.105710767599358
2635,yi,1,2.2869543350820676
2636,yi,1,4.986532792828046
2637,yi,1,4.781624786595025
2638,yi,1,5.994999701673408
2639,yi,1,2.4658469216463743
2640,yi,1,2.9903186039391594
2641,yi,1,1.8689738931807927
2642,yi,1,6.144981183340225
2643,yi,1,3.312127932947268
2644,yi,1,5.311384119547803
2645,yi,1,0.4022077698439257
2646,yi,1,2.3021278528880247
2647,yi,1,6.366888510064113
2648,yi,1,6.030019576766835
2649,yi,1,-1.5822297246000174
2650,yi,1,4.023649970207045
2651,yi,1,4.1562664157886555
2652,yi,1,3.904036662194798
2653,yi,1,0.6013906242012064
2654,yi,1,6.308577836150008
2655,yi,1,2.073000495843681
2656,yi,1,4.67321799773449
2657,yi,1,2.05242138852676
2658,yi,1,6.1668558666159
2659,yi,1,5.54113881317795
2660,yi,1,1.4072063020938694
2661,yi,1,5.429089588364545
2662,yi,1,5.175098753353899
2663,yi,1,4.560553036104315
2664,yi,1,6.213824879612339
2665,yi,1,3.753999175444484
2666,yi,1,3.6465248210617736
2667,yi,1,5.9186571217016395
2668,yi,1,7.34653151465705
2669,yi,1,6.624033444814208
2670,yi,1,2.100518463843975
2671,yi,1,3.687867358140486
2672,yi,1,5.8265829306998995
2673,yi,1,4.853658433951337
2674,yi,1,1.0945706196995186
2675,yi,1,4.578293160043764
2676,yi,1,5.962950246011124
2677,yi,1,3.3039226337568204
2678,yi,1,2.789477251770908
2679,yi,1,4.98907977018519
2680,yi,1,3.465292910910005
2681,yi,1,4.543499784682201
2682,yi,1,4.777323591116771
2683,yi,1,7.210693064387978
2684,yi,1,7.624588357204532
2685,yi,1,8.915382254982143
2686,yi,1,5.4171534399810035
2687,yi,1,4.902931169102502
2688,yi,1,1.424130116215819
2689,yi,1,5.204082287711917
2690,yi,1,5.542087216345178
2691,yi,1,5.614000281590286
2692,yi,1,7.410045048980613
2693,yi,1,6.200551232551379
2694,yi,1,6.507491357814459
2695,yi,1,5.118731703442585
2696,yi,1,3.5272179810267232
2697,yi,1,5.968574768601621
2698,yi,1,2.8031965717230634
2699,yi,1,5.5855713498458845
2700,yi,1,4.77242139023803
2701,yi,1,1.7549367197645
2702,yi,1,3.743113271284707
2703,yi,1,5.621995487960822
2704,yi,1,6.454816301981874
2705,yi,1,5.124764980332749
2706,yi,1,4.78397404982611
2707,yi,1,3.1739903995030323
2708,yi,1,6.082931730139311
2709,yi,1,4.630418841050943
2710,yi,1,5.9759312154633895
2711,yi,1,4.678062467430016
2712,yi,1,4.538923924673235
2713,yi,1,5.409293437516498
2714,yi,1,-1.0445326072027223
2715,yi,1,5.411195060643965
2716,yi,1,3.752773148627244
2717,yi,1,3.806054311079083
2718,yi,1,7.567158283997133
2719,yi,1,5.129053591113934
2720,yi,1,6.480277490898305
2721,yi,1,8.292040309727442
2722,yi,1,6.8358578983606275
2723,yi,1,2.383320942924569
2724,yi,1,5.601964104157386
2725,yi,1,0.861812532227783
2726,yi,1,3.645763073098564
2727,yi,1,3.235971344790065
2728,yi,1,9.233747074331689
2729,yi,1,5.034812621300992
2730,yi,1,6.78025030773668
2731,yi,1,1.239779393792664
2732,yi,1,-0.8036479343473515
2733,yi,1,5.820142703715226
2734,yi,1,5.361267945657788
2735,yi,1,1.6520660564191374
2736,yi,1,2.578832905763167
2737,yi,1,4.931517793048343
2738,yi,1,4.886902205842939
2739,yi,1,2.2294405038255416
2740,yi,1,4.829456680358504
2741,yi,1,2.852937387564409
2742,yi,1,4.808010375763682
2743,yi,1,7.041686267765928
2744,yi,1,2.564881936985306
2745,yi,1,4.925457752443376
2746,yi,1,3.664810050212468
2747,yi,1,3.6432441096209303
2748,yi,1,6.793788134015356
2749,yi,1,2.4254333064286326
2750,yi,1,3.393506324846607
2751,yi,1,-0.799132428409995
2752,yi,1,6.915353501037477
2753,yi,1,6.41051177605844
2754,yi,1,7.931337845143552
2755,yi,1,7.730953321112856
2756,yi,1,4.560624267799228
2757,yi,1,6.052694317873887
2758,yi,1,3.785705233072962
2759,yi,1,6.337248218288794
2760,yi,1,4.30019269443024
2761,yi,1,3.293232507815924
2762,yi,1,6.386276553293834
2763,yi,1,4.787276972908072
2764,yi,1,2.953797986869912
2765,yi,1,3.1604448255538804
2766,yi,1,7.228356511449095
2767,yi,1,4.029517769934737
2768,yi,1,3.6061943907514724
2769,yi,1,3.7964857237498144
2770,yi,1,2.9302469590807076
2771,yi,1,4.550700257442415
2772,yi,1,0.2912370977604213
2773,yi,1,5.368884902258578
2774,yi,1,6.061858431816147
2775,yi,1,3.1053137979725545
2776,yi,1,3.574570800412669
2777,yi,1,5.587263530489128
2778,yi,1,8.13656561347974
2779,yi,1,2.688822497411272
2780,yi,1,5.224337597689373
2781,yi,1,2.920099670442985
2782,yi,1,1.9730969725768956
2783,yi,1,5.093734182249089
2784,yi,1,5.199829616871387
2785,yi,1,8.577283944350368
2786,yi,1,5.203027996614027
2787,yi,1,9.79612452320789
2788,yi,1,4.217718511181266
2789,yi,1,3.9748172935701103
2790,yi,1,-0.14708449501350768
2791,yi,1,2.5740637099774926
2792,yi,1,4.3158245147786465
2793,yi,1,5.906501850534371
2794,yi,1,5.568505800567312
2795,yi,1,3.7961326412713206
2796,yi,1,4.470869915725966
2797,yi,1,3.2763648321669905
2798,yi,1,2.8603529287231755
2799,yi,1,4.890661603130518
2800,yi,1,3.703082592602007
2801,yi,1,3.1391053194955285
2802,yi,1,7.409273010900068
2803,yi,1,8.586838947180052
2804,yi,1,4.488449501420994
2805,yi,1,6.308879812333252
2806,yi,1,10.123535220295798
2807,yi,1,3.5871093293028897
2808,yi,1,5.765590599522508
2809,yi,1,0.665244404774178
2810,yi,1,7.784862394186939
2811,yi,1,6.080899007443501
2812,yi,1,3.3445432649794613
2813,yi,1,1.1601133504479124
2814,yi,1,5.5873046077449695
2815,yi,1,6.646097675752071
2816,yi,1,5.7948503530444615
2817,yi,1,3.5163430051642104
2818,yi,1,4.377121865520696
2819,yi,1,4.03053822133083
2820,yi,1,4.9165461632716045
2821,yi,1,2.6961710921099895
2822,yi,1,1.9117281089458145
2823,yi,1,4.2552768850152
2824,yi,1,2.407133554086263
2825,yi,1,6.79538585952419
2826,yi,1,4.849008981444578
2827,yi,1,5.198532186463656
2828,yi,1,4.551455870846779
2829,yi,1,4.877012649462157
2830,yi,1,5.246878212022238
2831,yi,1,1.7655871606963593
2832,yi,1,4.712268001070053
2833,yi,1,4.085985954269991
2834,yi,1,1.9246316748790877
2835,yi,1,5.002590638974963
2836,yi,1,8.33569761206214
2837,yi,1,4.284767879864642
2838,yi,1,4.548798417512501
2839,yi,1,4.273382079421805
2840,yi,1,1.601670446424429
2841,yi,1,5.0720100612632
2842,yi,1,5.718217424476988
2843,yi,1,5.6473213095756325
2844,yi,1,7.565900858538768
2845,yi,1,4.924930341959354
2846,yi,1,5.124760388777346
2847,yi,1,4.138217292807063
2848,yi,1,5.865728459974679
2849,yi,1,2.0564834584387057
2850,yi,1,5.137385274775563
2851,yi,1,0.5050077059602669
2852,yi,1,5.638586287570776
2853,yi,1,1.7543966107921414
2854,yi,1,7.852934565948176
2855,yi,1,4.53725821324113
2856,yi,1,2.7145959293874027
2857,yi,1,5.116059473175612
2858,yi,1,7.189898283607353
2859,yi,1,5.661744813649479
2860,yi,1,1.741776076430024
2861,yi,1,4.850037284005905
2862,yi,1,4.248198337953464
2863,yi,1,6.222033218721026
2864,yi,1,6.0052460010842
2865,yi,1,2.7466288390260427
2866,yi,1,2.0561581999104455
2867,yi,1,7.276180471004727
2868,yi,1,2.464848840473561
2869,yi,1,3.208363240276001
2870,yi,1,7.695108923567815
2871,yi,1,8.008643627198996
2872,yi,1,2.5108626665566325
2873,yi,1,4.827152337910171
2874,yi,1,3.534737929683141
2875,yi,1,6.675121511061178
2876,yi,1,5.051423349109181
2877,yi,1,5.256033885672276
2878,yi,1,3.2438495669270218
2879,yi,1,7.42241398912386
2880,yi,1,2.4957249282497873
2881,yi,1,6.892049493012376
2882,yi,1,9.297391552387584
2883,yi,1,6.770299348261947
2884,yi,1,4.169435812012893
2885,yi,1,8.833802003277995
2886,yi,1,0.5622015877337259
2887,yi,1,3.3632108845829203
2888,yi,1,4.3517512191831615
2889,yi,1,2.292781276137897
2890,yi,1,5.2723895534512355
2891,yi,1,1.6168999075144455
2892,yi,1,4.292849129283467
2893,yi,1,3.805004278595997
2894,yi,1,5.072752670214199
2895,yi,1,5.894559041803886
2896,yi,1,4.250980580884671
2897,yi,1,3.5039280022937236
2898,yi,1,3.4183053215683685
2899,yi,1,5.9873776911626
2900,yi,1,3.0980071354190377
2901,yi,1,4.8430018021340775
2902,yi,1,5.68613233777994
2903,yi,1,4.606687543795916
2904,yi,1,2.9993094387725128
2905,yi,1,6.311543095376232
2906,yi,1,6.751513209444106
2907,yi,1,3.6536361259726347
2908,yi,1,5.819112543598663
2909,yi,1,6.397001543351921
2910,yi,1,0.1222710755575267
2911,yi,1,6.328440774697128
2912,yi,1,4.642275049986678
2913,yi,1,4.011885842505042
2914,yi,1,2.8920576735867645
2915,yi,1,6.020303517766548
2916,yi,1,3.705767138120188
2917,yi,1,3.944406260672106
2918,yi,1,3.150653892605419
2919,yi,1,0.9283658424758725
2920,yi,1,8.077951866755797
2921,yi,1,8.291626475216015
2922,yi,1,2.5973902416221684
2923,yi,1,3.65893152335427
2924,yi,1,2.0712949423522886
2925,yi,1,4.784960990654127
2926,yi,1,2.3255430379681883
2927,yi,1,5.800964861967002
2928,yi,1,6.638716499662192
2929,yi,1,7.913695450794164
2930,yi,1,6.773995817831674
2931,yi,1,5.993983553603994
2932,yi,1,5.074906509091562
2933,yi,1,2.6604532030038976
2934,yi,1,4.482290550044875
2935,yi,1,6.590995929299298
2936,yi,1,5.0272735339636885
2937,yi,1,4.366535116794331
2938,yi,1,4.999385970497514
2939,yi,1,2.63060412073403
2940,yi,1,6.860621095728986
2941,yi,1,9.292767251325078
2942,yi,1,3.6063271821408964
2943,yi,1,4.6539239680612035
2944,yi,1,5.351286177244774
2945,yi,1,4.17898228648517
2946,yi,1,7.22554106845239
2947,yi,1,6.757158203417411
2948,yi,1,4.7535840735354515
2949,yi,1,5.859336142103969
2950,yi,1,5.868938483645303
2951,yi,1,5.348740979908589
2952,yi,1,6.346669119644481
2953,yi,1,4.502374699917553
2954,yi,1,4.057610704969062
2955,yi,1,6.333674737169981
2956,yi,1,6.277071622307869
2957,yi,1,5.147144668762853
2958,yi,1,6.713544587880476
2959,yi,1,3.0975143177368114
2960,yi,1,4.7612256090784735
2961,yi,1,0.8355531032667334
2962,yi,1,7.283908572093956
2963,yi,1,5.438146756345102
2964,yi,1,1.9912762642869997
2965,yi,1,4.450163650158075
2966,yi,1,3.8357269588895457
2967,yi,1,5.259040904677927
2968,yi,1,7.269900882526219
2969,yi,1,3.3444900706252083
2970,yi,1,9.527048623874252
2971,yi,1,4.429751499829531
2972,yi,1,0.08829668689789094
2973,yi,1,5.620127437202763
2974,yi,1,7.5008519545635
2975,yi,1,4.430492267087257
2976,yi,1,0.5906528030387842
2977,yi,1,2.0795354291723385
2978,yi,1,3.408892813053108
2979,yi,1,0.3670609633387576
2980,yi,1,4.6851439615885395
2981,yi,1,4.708665880478074
2982,yi,1,4.794524431482162
2983,yi,1,5.538788128740478
2984,yi,1,5.084528615301731
2985,yi,1,3.805761838303252
2986,yi,1,8.605602626046188
2987,yi,1,3.0624079460242513
2988,yi,1,6.202740671488406
2989,yi,1,4.648968552727705
2990,yi,1,6.536316745102769
2991,yi,1,5.058116287013254
2992,yi,1,3.9648779471495565
2993,yi,1,2.1759706545105537
2994,yi,1,5.70848984066445
2995,yi,1,5.748081288937501
2996,yi,1,3.598509257940316
2997,yi,1,4.27582732834115
2998,yi,1,4.934997564405108
2999,yi,1,8.076392085725194
3000,yi,1,6.859351446976487
